-- Adminer 4.0.2 MySQL dump

SET NAMES utf8;
SET foreign_key_checks = 0;
SET time_zone = '+02:00';
SET sql_mode = 'NO_AUTO_VALUE_ON_ZERO';

DROP TABLE IF EXISTS `AuthAssignment`;
CREATE TABLE `AuthAssignment` (
  `itemname` varchar(64) NOT NULL,
  `userid` varchar(64) NOT NULL,
  `bizrule` text,
  `data` text,
  PRIMARY KEY (`itemname`,`userid`),
  CONSTRAINT `AuthAssignment_ibfk_1` FOREIGN KEY (`itemname`) REFERENCES `AuthItem` (`name`) ON DELETE CASCADE ON UPDATE CASCADE
) ENGINE=InnoDB DEFAULT CHARSET=latin1;

INSERT INTO `AuthAssignment` (`itemname`, `userid`, `bizrule`, `data`) VALUES
('Admin',	'1',	NULL,	'N;'),
('Authenticated',	'3',	NULL,	'N;');

DROP TABLE IF EXISTS `AuthItem`;
CREATE TABLE `AuthItem` (
  `name` varchar(64) NOT NULL,
  `type` int(11) NOT NULL,
  `description` text,
  `bizrule` text,
  `data` text,
  PRIMARY KEY (`name`)
) ENGINE=InnoDB DEFAULT CHARSET=latin1;

INSERT INTO `AuthItem` (`name`, `type`, `description`, `bizrule`, `data`) VALUES
('Admin',	2,	NULL,	NULL,	'N;'),
('Authenticated',	2,	NULL,	NULL,	'N;'),
('Guest',	2,	NULL,	NULL,	'N;'),
('Post.Category.Admin',	0,	NULL,	NULL,	'N;'),
('Post.Category.Create',	0,	NULL,	NULL,	'N;'),
('Post.Category.Delete',	0,	NULL,	NULL,	'N;'),
('Post.Category.Index',	0,	NULL,	NULL,	'N;'),
('Post.Category.Update',	0,	NULL,	NULL,	'N;'),
('Post.Category.View',	0,	NULL,	NULL,	'N;'),
('Post.Default.Index',	0,	NULL,	NULL,	'N;'),
('Post.Post.Admin',	0,	NULL,	NULL,	'N;'),
('Post.Post.Create',	0,	NULL,	NULL,	'N;'),
('Post.Post.Delete',	0,	NULL,	NULL,	'N;'),
('Post.Post.Index',	0,	NULL,	NULL,	'N;'),
('Post.Post.Update',	0,	NULL,	NULL,	'N;'),
('Post.Post.View',	0,	NULL,	NULL,	'N;'),
('Site.Contact',	0,	NULL,	NULL,	'N;'),
('Site.Error',	0,	NULL,	NULL,	'N;'),
('Site.Index',	0,	NULL,	NULL,	'N;'),
('Site.Login',	0,	NULL,	NULL,	'N;'),
('Site.Logout',	0,	NULL,	NULL,	'N;'),
('User.Activation.Activation',	0,	NULL,	NULL,	'N;'),
('User.Admin.Admin',	0,	NULL,	NULL,	'N;'),
('User.Admin.Create',	0,	NULL,	NULL,	'N;'),
('User.Admin.Delete',	0,	NULL,	NULL,	'N;'),
('User.Admin.Update',	0,	NULL,	NULL,	'N;'),
('User.Admin.View',	0,	NULL,	NULL,	'N;'),
('User.Default.Index',	0,	NULL,	NULL,	'N;'),
('User.Login.Login',	0,	NULL,	NULL,	'N;'),
('User.Logout.Logout',	0,	NULL,	NULL,	'N;'),
('User.Profile.Changepassword',	0,	NULL,	NULL,	'N;'),
('User.Profile.Edit',	0,	NULL,	NULL,	'N;'),
('User.Profile.Profile',	0,	NULL,	NULL,	'N;'),
('User.ProfileField.Admin',	0,	NULL,	NULL,	'N;'),
('User.ProfileField.Create',	0,	NULL,	NULL,	'N;'),
('User.ProfileField.Delete',	0,	NULL,	NULL,	'N;'),
('User.ProfileField.Update',	0,	NULL,	NULL,	'N;'),
('User.ProfileField.View',	0,	NULL,	NULL,	'N;'),
('User.Recovery.Recovery',	0,	NULL,	NULL,	'N;'),
('User.Registration.Registration',	0,	NULL,	NULL,	'N;'),
('User.User.Index',	0,	NULL,	NULL,	'N;'),
('User.User.View',	0,	NULL,	NULL,	'N;');

DROP TABLE IF EXISTS `AuthItemChild`;
CREATE TABLE `AuthItemChild` (
  `parent` varchar(64) NOT NULL,
  `child` varchar(64) NOT NULL,
  PRIMARY KEY (`parent`,`child`),
  KEY `child` (`child`),
  CONSTRAINT `AuthItemChild_ibfk_1` FOREIGN KEY (`parent`) REFERENCES `AuthItem` (`name`) ON DELETE CASCADE ON UPDATE CASCADE,
  CONSTRAINT `AuthItemChild_ibfk_2` FOREIGN KEY (`child`) REFERENCES `AuthItem` (`name`) ON DELETE CASCADE ON UPDATE CASCADE
) ENGINE=InnoDB DEFAULT CHARSET=latin1;

INSERT INTO `AuthItemChild` (`parent`, `child`) VALUES
('Authenticated',	'Site.Error'),
('Guest',	'Site.Error'),
('Authenticated',	'Site.Index'),
('Guest',	'Site.Index'),
('Authenticated',	'Site.Login'),
('Guest',	'Site.Login'),
('Authenticated',	'Site.Logout'),
('Guest',	'Site.Logout'),
('Authenticated',	'User.Login.Login'),
('Guest',	'User.Login.Login'),
('Authenticated',	'User.Profile.Edit'),
('Guest',	'User.Profile.Edit'),
('Authenticated',	'User.Profile.Profile'),
('Guest',	'User.Profile.Profile'),
('Authenticated',	'User.Registration.Registration'),
('Guest',	'User.Registration.Registration'),
('Authenticated',	'User.User.Index'),
('Guest',	'User.User.Index'),
('Guest',	'User.User.View');

DROP TABLE IF EXISTS `blog`;
CREATE TABLE `blog` (
  `id` int(11) NOT NULL AUTO_INCREMENT,
  `title` varchar(200) NOT NULL,
  `description` text NOT NULL,
  `user_id` int(11) NOT NULL,
  `category` int(11) NOT NULL,
  `created_time` timestamp NOT NULL DEFAULT CURRENT_TIMESTAMP ON UPDATE CURRENT_TIMESTAMP,
  PRIMARY KEY (`id`)
) ENGINE=InnoDB DEFAULT CHARSET=latin1;

INSERT INTO `blog` (`id`, `title`, `description`, `user_id`, `category`, `created_time`) VALUES
(7,	'WELCOME TO THE WRASK IT APP',	'<h1>FIRST VERSION IS HERE, WRASK IT 1.0 (BETA TESTING 4/2-4/8)</h1>\r\n<p>&nbsp;&lt;P&gt;</p>\r\n<p><strong>WRASK</strong> (Write, Read&nbsp;&amp; Submit Knowledge)&nbsp;is a question and answer community that allows connects the ability to ask questions to others that can relate to them. There are so many social sites out there&nbsp;for entertainment and information, but what about wisdom and knowledge. The<strong> WRASK It</strong> platform has been built with the focus of avoiding unnecessary content while facilitating communication that will inform, inspire, and encourage each user. Sometimes good information can be clouded from family and friends that are too judgemental, or from others who can\'t relate. Here in the <strong>WRASK IT</strong> community, you will be able to ask anonymous questions to select groups that have experienced similar situations and or share similar passions.</p>\r\n<p>You can send the WRASK TEAM feedback through the settings tab. We <span style=\"font-size: xx-small;\">will</span>&nbsp;view all concerns to make your community the best and most valuable community possible.</p>\r\n<p>If you have questions, just <em><strong>WRASK IT!</strong></em></p>\r\n<p>&nbsp;</p>\r\n<p>Thank You</p>\r\n<h4><strong>THE WRASK TEAM</strong></h4>\r\n<h2>&nbsp;</h2>\r\n<h2>&nbsp;</h2>\r\n<p>&nbsp;</p>\r\n<p>&nbsp;</p>',	0,	0,	'2015-03-20 20:25:25');

DROP TABLE IF EXISTS `category`;
CREATE TABLE `category` (
  `id` int(11) NOT NULL AUTO_INCREMENT,
  `category_name` varchar(255) NOT NULL,
  `parent_id` int(11) NOT NULL DEFAULT '0',
  PRIMARY KEY (`id`)
) ENGINE=InnoDB DEFAULT CHARSET=latin1;

INSERT INTO `category` (`id`, `category_name`, `parent_id`) VALUES
(1,	'Daters',	0),
(3,	'Single Women',	0),
(6,	'Single Men',	0),
(9,	'Couples',	0),
(10,	'Parents',	0),
(18,	'Single Mothers',	0),
(24,	'Single Fathers',	0),
(26,	'Divorcees',	0),
(28,	'Grand Parents',	0),
(29,	'LGBT Community',	0),
(30,	'Gay Men',	0),
(31,	'Lesbian',	0),
(32,	'Transgender',	0),
(33,	'Democrats',	0),
(34,	'Republicans',	0),
(35,	'Independents',	0),
(36,	'Christian',	0),
(37,	'Muslim',	0),
(38,	'Non-Denominational',	0),
(39,	'Atheist',	0),
(40,	'Entrepreneurs',	0),
(41,	'Poets',	0),
(42,	'Musicians',	0),
(43,	'Athletes',	0),
(44,	'Fashionistas',	0),
(45,	'Promoters ',	0),
(46,	'Managers',	0),
(47,	'Undergraduate',	0);

DROP TABLE IF EXISTS `comments`;
CREATE TABLE `comments` (
  `id` int(11) NOT NULL AUTO_INCREMENT,
  `content` text NOT NULL,
  `userId` int(55) NOT NULL,
  `createDate` timestamp NOT NULL DEFAULT CURRENT_TIMESTAMP,
  `postId` int(11) NOT NULL,
  `likes` int(11) NOT NULL,
  `dislikes` int(11) NOT NULL,
  PRIMARY KEY (`id`)
) ENGINE=InnoDB DEFAULT CHARSET=latin1;

INSERT INTO `comments` (`id`, `content`, `userId`, `createDate`, `postId`, `likes`, `dislikes`) VALUES
(39,	'what, what kind of question is this',	1,	'2015-03-14 17:43:19',	23,	0,	0),
(40,	'dont have a baby',	1,	'2015-03-14 17:44:37',	11,	2,	5),
(41,	'The first month can be daunting. Don\'t expect to sleep and have a separate closet full of diapers',	22,	'2015-03-14 18:33:15',	11,	2,	0),
(42,	'No sleep',	27,	'2015-03-16 19:22:22',	11,	1,	0),
(43,	'Yes',	32,	'2015-03-19 06:48:03',	21,	0,	0),
(77,	'heartbreak',	26,	'2015-03-20 12:50:35',	23,	0,	0),
(78,	'Yes, you can if you are the primary caregiver. State laws vary but it is something worth pursuing',	1,	'2015-03-20 13:03:40',	13,	1,	2),
(81,	'Yes',	38,	'2015-03-20 21:43:24',	24,	5,	3),
(82,	'I just thought about it',	41,	'2015-03-21 00:42:49',	10,	2,	0),
(83,	'Good question.',	41,	'2015-03-21 00:44:20',	10,	2,	0),
(84,	'People who love power',	41,	'2015-03-21 00:51:59',	22,	0,	0),
(88,	'I never assume that a guy will pay. But it kind of is a test to see how a guy is. If a guy pays after I take my wallet out of my bag and try to pay he definitely gets bonus points.',	39,	'2015-03-22 17:34:39',	24,	3,	2),
(89,	'If you want to be that guy that she just hangs around when nobody is around go ahead and call her.',	39,	'2015-03-22 17:35:49',	7,	2,	4),
(95,	'I agree, I wouldnt do that',	1,	'2015-03-26 19:23:37',	7,	1,	0),
(96,	'http://www.parents.com/kids/discipline/strategies/7-easy-ways-to-fix-bad-behavior/\n\nFollow the steps in this article and KEEP CONSISTANT! I promise you will be surprised but oh so happy with the results! \nGood luck!',	44,	'2015-03-27 02:29:00',	6,	26,	3),
(143,	'is it ?',	3,	'2015-04-01 17:03:11',	12,	0,	0),
(146,	'You\'re obviously not happy with the way things are.',	70,	'2015-04-03 03:37:01',	10,	1,	1),
(147,	'There\'s nothing wrong with wanting to have it all if you deserve it. Why not make it official?',	1,	'2015-04-04 04:42:56',	10,	2,	0),
(148,	'The trend nowadays is to not get married, smh. Call me old fashioned, but when did it become ok to take the cowards way out?',	44,	'2015-04-04 15:20:37',	10,	1,	0),
(149,	'it is ahout the pain they have experienced and are experiencing at the hand of those using the bible but not actually teachkng from the bible. this is one of the main reasons for atheism, for most of them it is a belief basd on inaccurate teachings of the bible and the manifestion of hypocrisy by thise profess to represent Christianity and these would bear the brunt of the responsibility for atheism,  but this dynamic can be seen in most other religions because most of these also are hypocritical to the holy writings of their particular institution and/or faith..',	28,	'2015-04-05 00:57:45',	15,	1,	0);

DROP TABLE IF EXISTS `connects`;
CREATE TABLE `connects` (
  `id` int(11) NOT NULL AUTO_INCREMENT,
  `userId` int(11) NOT NULL,
  `connectId` int(11) NOT NULL,
  PRIMARY KEY (`id`)
) ENGINE=InnoDB DEFAULT CHARSET=latin1;

INSERT INTO `connects` (`id`, `userId`, `connectId`) VALUES
(8,	3,	5),
(9,	4,	2),
(16,	3,	1),
(19,	5,	2),
(24,	3,	8),
(30,	3,	5),
(32,	3,	1),
(33,	15,	1),
(35,	27,	22),
(37,	32,	22),
(38,	32,	1),
(39,	32,	22),
(40,	32,	22),
(41,	3,	3),
(42,	1,	32),
(43,	27,	39),
(44,	44,	1),
(45,	44,	22),
(46,	1,	1),
(49,	3,	43),
(50,	3,	3),
(51,	3,	3),
(52,	58,	3),
(53,	1,	3),
(54,	1,	3),
(55,	1,	44),
(56,	1,	3),
(57,	68,	68);

DROP TABLE IF EXISTS `directPost`;
CREATE TABLE `directPost` (
  `id` int(11) NOT NULL AUTO_INCREMENT,
  `postId` int(11) NOT NULL,
  `directuserId` int(11) NOT NULL,
  PRIMARY KEY (`id`)
) ENGINE=InnoDB DEFAULT CHARSET=latin1;

INSERT INTO `directPost` (`id`, `postId`, `directuserId`) VALUES
(1,	46,	3),
(2,	37,	3),
(3,	48,	3),
(4,	50,	3),
(5,	51,	3),
(6,	35,	3),
(7,	38,	3),
(8,	49,	1),
(9,	64,	3),
(10,	69,	1),
(11,	86,	3),
(12,	87,	3),
(13,	88,	3),
(14,	99,	1),
(15,	100,	3);

DROP TABLE IF EXISTS `feedback`;
CREATE TABLE `feedback` (
  `id` int(11) NOT NULL AUTO_INCREMENT,
  `user_id` int(11) NOT NULL,
  `email` varchar(200) NOT NULL,
  `description` text CHARACTER SET utf8 COLLATE utf8_bin NOT NULL,
  PRIMARY KEY (`id`)
) ENGINE=InnoDB DEFAULT CHARSET=latin1;

INSERT INTO `feedback` (`id`, `user_id`, `email`, `description`) VALUES
(8,	31,	'',	'it looks awesome now.'),
(9,	31,	'',	'test feedback..'),
(10,	31,	'',	'test feed back...'),
(11,	31,	'',	'hi it is awesome now...'),
(12,	31,	'',	'hi it is awesome now...'),
(13,	31,	'',	'test feedback'),
(14,	31,	'',	'test feedback'),
(15,	31,	'',	'test message'),
(16,	31,	'',	'test message'),
(17,	31,	'',	'test message'),
(18,	31,	'',	'test'),
(19,	3,	'',	'Test'),
(20,	3,	'',	'Test'),
(21,	31,	'',	'dsf asfasd'),
(22,	31,	'',	'sadf asdfasd'),
(23,	11,	'',	'sdfasafdd'),
(24,	3,	'',	'Test'),
(25,	1,	'',	'Test message'),
(26,	3,	'',	'xfghdfg'),
(27,	11,	'',	'test'),
(28,	13,	'',	'Test feedback'),
(29,	26,	'',	'Where does it go'),
(30,	26,	'',	'What happened'),
(31,	66,	'',	'Feedback from var4');

DROP TABLE IF EXISTS `notifications`;
CREATE TABLE `notifications` (
  `id` int(11) NOT NULL AUTO_INCREMENT,
  `userid` int(11) NOT NULL,
  `type` int(11) NOT NULL,
  `status` int(11) NOT NULL DEFAULT '0',
  PRIMARY KEY (`id`),
  KEY `userid` (`userid`)
) ENGINE=InnoDB DEFAULT CHARSET=latin1;

INSERT INTO `notifications` (`id`, `userid`, `type`, `status`) VALUES
(8,	10,	1,	1),
(9,	17,	1,	1),
(10,	18,	1,	1),
(11,	10,	1,	1),
(12,	19,	1,	1),
(13,	22,	1,	1),
(14,	27,	1,	1),
(15,	29,	1,	1),
(16,	13,	1,	1),
(17,	41,	1,	1),
(18,	43,	1,	1),
(19,	1,	1,	0),
(20,	46,	1,	1),
(21,	3,	1,	0),
(22,	17,	1,	1),
(23,	18,	1,	1),
(24,	15,	1,	1),
(25,	38,	1,	1),
(26,	44,	1,	0),
(27,	47,	1,	1),
(28,	17,	1,	1),
(29,	18,	1,	1),
(30,	19,	1,	1),
(31,	22,	1,	1),
(32,	15,	1,	1),
(33,	26,	1,	1),
(34,	29,	1,	1),
(35,	31,	1,	1),
(36,	13,	1,	1),
(37,	38,	1,	1),
(38,	1,	1,	0),
(39,	44,	1,	0),
(40,	45,	1,	1),
(41,	46,	1,	1),
(42,	11,	1,	1),
(43,	10,	1,	1),
(44,	17,	1,	1),
(45,	18,	1,	1),
(46,	19,	1,	1),
(47,	22,	1,	1),
(48,	26,	1,	1),
(49,	29,	1,	1),
(50,	31,	1,	1),
(51,	13,	1,	1),
(52,	41,	1,	1),
(53,	42,	1,	1),
(54,	44,	1,	0),
(55,	45,	1,	1),
(56,	46,	1,	1),
(57,	3,	1,	0),
(58,	47,	1,	1),
(59,	11,	1,	1),
(60,	1,	2,	0),
(61,	10,	1,	1),
(62,	17,	1,	1),
(63,	18,	1,	1),
(64,	19,	1,	1),
(65,	22,	1,	1),
(66,	27,	1,	1),
(67,	29,	1,	1),
(68,	13,	1,	1),
(69,	41,	1,	1),
(70,	43,	1,	1),
(71,	1,	1,	0),
(72,	46,	1,	1),
(73,	3,	1,	0),
(74,	11,	1,	1),
(75,	10,	1,	1),
(76,	17,	1,	1),
(77,	18,	1,	1),
(78,	19,	1,	1),
(79,	22,	1,	1),
(80,	27,	1,	1),
(81,	29,	1,	1),
(82,	31,	1,	1),
(83,	13,	1,	1),
(84,	38,	1,	1),
(85,	39,	1,	1),
(86,	1,	1,	0),
(87,	44,	1,	0),
(88,	46,	1,	1),
(89,	3,	1,	0),
(90,	11,	1,	1),
(91,	10,	1,	1),
(92,	17,	1,	1),
(93,	18,	1,	1),
(94,	19,	1,	1),
(95,	22,	1,	1),
(96,	27,	1,	1),
(97,	29,	1,	1),
(98,	13,	1,	1),
(99,	41,	1,	1),
(100,	43,	1,	1),
(101,	1,	1,	0),
(102,	46,	1,	1),
(103,	3,	1,	0),
(104,	11,	1,	1),
(105,	10,	1,	1),
(106,	17,	1,	1),
(107,	18,	1,	1),
(108,	19,	1,	1),
(109,	22,	1,	1),
(110,	27,	1,	1),
(111,	29,	1,	1),
(112,	13,	1,	1),
(113,	41,	1,	1),
(114,	43,	1,	1),
(115,	1,	1,	0),
(116,	46,	1,	1),
(117,	3,	1,	0),
(118,	11,	1,	1),
(119,	10,	1,	1),
(120,	17,	1,	1),
(121,	18,	1,	1),
(122,	19,	1,	1),
(123,	22,	1,	1),
(124,	27,	1,	1),
(125,	29,	1,	1),
(126,	13,	1,	1),
(127,	41,	1,	1),
(128,	43,	1,	1),
(129,	1,	1,	0),
(130,	46,	1,	1),
(131,	3,	1,	0),
(132,	11,	1,	1),
(133,	10,	1,	1),
(134,	17,	1,	1),
(135,	18,	1,	1),
(136,	19,	1,	1),
(137,	22,	1,	1),
(138,	27,	1,	1),
(139,	29,	1,	1),
(140,	13,	1,	1),
(141,	41,	1,	1),
(142,	43,	1,	1),
(143,	1,	1,	0),
(144,	46,	1,	1),
(145,	3,	1,	0),
(146,	11,	1,	1),
(147,	10,	1,	1),
(148,	17,	1,	1),
(149,	18,	1,	1),
(150,	19,	1,	1),
(151,	22,	1,	1),
(152,	27,	1,	1),
(153,	29,	1,	1),
(154,	13,	1,	1),
(155,	41,	1,	1),
(156,	43,	1,	1),
(157,	1,	1,	0),
(158,	46,	1,	1),
(159,	3,	1,	0),
(160,	11,	1,	1),
(161,	52,	1,	1),
(162,	10,	1,	1),
(163,	17,	1,	1),
(164,	18,	1,	1),
(165,	19,	1,	1),
(166,	22,	1,	1),
(167,	27,	1,	1),
(168,	29,	1,	1),
(169,	13,	1,	1),
(170,	41,	1,	1),
(171,	43,	1,	1),
(172,	1,	1,	0),
(173,	46,	1,	1),
(174,	3,	1,	0),
(175,	11,	1,	1),
(176,	52,	1,	1),
(177,	10,	1,	1),
(178,	17,	1,	1),
(179,	18,	1,	1),
(180,	19,	1,	1),
(181,	22,	1,	1),
(182,	27,	1,	1),
(183,	29,	1,	1),
(184,	13,	1,	1),
(185,	41,	1,	1),
(186,	43,	1,	1),
(187,	1,	1,	0),
(188,	46,	1,	1),
(189,	3,	1,	0),
(190,	11,	1,	1),
(191,	52,	1,	1),
(192,	10,	1,	1),
(193,	17,	1,	1),
(194,	18,	1,	1),
(195,	19,	1,	1),
(196,	22,	1,	1),
(197,	27,	1,	1),
(198,	29,	1,	1),
(199,	13,	1,	1),
(200,	41,	1,	1),
(201,	43,	1,	1),
(202,	1,	1,	0),
(203,	46,	1,	1),
(204,	3,	1,	0),
(205,	11,	1,	1),
(206,	52,	1,	1),
(207,	10,	1,	1),
(208,	17,	1,	1),
(209,	18,	1,	1),
(210,	19,	1,	1),
(211,	22,	1,	1),
(212,	27,	1,	1),
(213,	29,	1,	1),
(214,	13,	1,	1),
(215,	41,	1,	1),
(216,	43,	1,	1),
(217,	1,	1,	0),
(218,	46,	1,	1),
(219,	3,	1,	0),
(220,	11,	1,	1),
(221,	52,	1,	1),
(222,	10,	1,	1),
(223,	17,	1,	1),
(224,	18,	1,	1),
(225,	19,	1,	1),
(226,	22,	1,	1),
(227,	27,	1,	1),
(228,	29,	1,	1),
(229,	13,	1,	1),
(230,	41,	1,	1),
(231,	43,	1,	1),
(232,	1,	1,	0),
(233,	46,	1,	1),
(234,	3,	1,	0),
(235,	11,	1,	1),
(236,	52,	1,	1),
(237,	10,	1,	1),
(238,	17,	1,	1),
(239,	18,	1,	1),
(240,	19,	1,	1),
(241,	22,	1,	1),
(242,	27,	1,	1),
(243,	29,	1,	1),
(244,	13,	1,	1),
(245,	41,	1,	1),
(246,	43,	1,	1),
(247,	1,	1,	0),
(248,	46,	1,	1),
(249,	3,	1,	0),
(250,	11,	1,	1),
(251,	52,	1,	1),
(252,	10,	1,	1),
(253,	17,	1,	1),
(254,	18,	1,	1),
(255,	19,	1,	1),
(256,	22,	1,	1),
(257,	27,	1,	1),
(258,	29,	1,	1),
(259,	13,	1,	1),
(260,	41,	1,	1),
(261,	43,	1,	1),
(262,	1,	1,	0),
(263,	46,	1,	1),
(264,	3,	1,	0),
(265,	11,	1,	1),
(266,	52,	1,	1),
(267,	3,	2,	0),
(268,	10,	1,	1),
(269,	17,	1,	1),
(270,	18,	1,	1),
(271,	19,	1,	1),
(272,	22,	1,	1),
(273,	27,	1,	1),
(274,	29,	1,	1),
(275,	13,	1,	1),
(276,	41,	1,	1),
(277,	43,	1,	1),
(278,	1,	1,	0),
(279,	46,	1,	1),
(280,	3,	1,	0),
(281,	11,	1,	1),
(282,	52,	1,	1),
(283,	10,	1,	1),
(284,	17,	1,	1),
(285,	18,	1,	1),
(286,	19,	1,	1),
(287,	22,	1,	1),
(288,	27,	1,	1),
(289,	29,	1,	1),
(290,	13,	1,	1),
(291,	41,	1,	1),
(292,	43,	1,	1),
(293,	1,	1,	0),
(294,	46,	1,	1),
(295,	11,	1,	1),
(296,	52,	1,	1),
(297,	3,	1,	0),
(298,	10,	1,	1),
(299,	17,	1,	1),
(300,	18,	1,	1),
(301,	19,	1,	1),
(302,	22,	1,	1),
(303,	27,	1,	1),
(304,	29,	1,	1),
(305,	31,	1,	1),
(306,	13,	1,	1),
(307,	38,	1,	1),
(308,	39,	1,	1),
(309,	1,	1,	0),
(310,	44,	1,	0),
(311,	46,	1,	1),
(312,	11,	1,	1),
(313,	52,	1,	1),
(314,	3,	1,	0),
(315,	10,	1,	1),
(316,	17,	1,	1),
(317,	18,	1,	1),
(318,	19,	1,	1),
(319,	22,	1,	1),
(320,	27,	1,	1),
(321,	29,	1,	1),
(322,	13,	1,	1),
(323,	41,	1,	1),
(324,	43,	1,	1),
(325,	1,	1,	0),
(326,	46,	1,	1),
(327,	11,	1,	1),
(328,	52,	1,	1),
(329,	3,	1,	0),
(330,	1,	2,	0),
(331,	10,	1,	1),
(332,	17,	1,	1),
(333,	18,	1,	1),
(334,	19,	1,	1),
(335,	22,	1,	1),
(336,	27,	1,	1),
(337,	29,	1,	1),
(338,	13,	1,	1),
(339,	41,	1,	1),
(340,	43,	1,	1),
(341,	1,	1,	0),
(342,	46,	1,	1),
(343,	11,	1,	1),
(344,	52,	1,	1),
(345,	3,	1,	0),
(346,	57,	1,	1),
(347,	10,	1,	1),
(348,	17,	1,	1),
(349,	18,	1,	1),
(350,	19,	1,	1),
(351,	22,	1,	1),
(352,	27,	1,	1),
(353,	29,	1,	1),
(354,	13,	1,	1),
(355,	41,	1,	1),
(356,	43,	1,	1),
(357,	1,	1,	0),
(358,	46,	1,	1),
(359,	11,	1,	1),
(360,	52,	1,	1),
(361,	3,	1,	0),
(362,	57,	1,	1),
(363,	58,	1,	1),
(364,	10,	1,	1),
(365,	17,	1,	1),
(366,	18,	1,	1),
(367,	19,	1,	1),
(368,	22,	1,	1),
(369,	27,	1,	1),
(370,	29,	1,	1),
(371,	13,	1,	1),
(372,	41,	1,	1),
(373,	43,	1,	1),
(374,	1,	1,	0),
(375,	46,	1,	1),
(376,	11,	1,	1),
(377,	52,	1,	1),
(378,	3,	1,	0),
(379,	57,	1,	1),
(380,	58,	1,	1),
(381,	10,	1,	1),
(382,	17,	1,	1),
(383,	18,	1,	1),
(384,	19,	1,	1),
(385,	22,	1,	1),
(386,	27,	1,	1),
(387,	29,	1,	1),
(388,	13,	1,	1),
(389,	41,	1,	1),
(390,	43,	1,	1),
(391,	1,	1,	0),
(392,	46,	1,	1),
(393,	11,	1,	1),
(394,	52,	1,	1),
(395,	3,	1,	0),
(396,	57,	1,	1),
(397,	58,	1,	1),
(398,	10,	1,	1),
(399,	17,	1,	1),
(400,	18,	1,	1),
(401,	19,	1,	1),
(402,	22,	1,	1),
(403,	27,	1,	1),
(404,	29,	1,	1),
(405,	13,	1,	1),
(406,	41,	1,	1),
(407,	43,	1,	1),
(408,	1,	1,	0),
(409,	46,	1,	1),
(410,	11,	1,	1),
(411,	52,	1,	1),
(412,	3,	1,	0),
(413,	57,	1,	1),
(414,	58,	1,	1),
(415,	10,	1,	1),
(416,	17,	1,	1),
(417,	18,	1,	1),
(418,	19,	1,	1),
(419,	22,	1,	1),
(420,	27,	1,	1),
(421,	29,	1,	1),
(422,	13,	1,	1),
(423,	41,	1,	1),
(424,	43,	1,	1),
(425,	1,	1,	0),
(426,	46,	1,	1),
(427,	11,	1,	1),
(428,	52,	1,	1),
(429,	3,	1,	0),
(430,	57,	1,	1),
(431,	58,	1,	1),
(432,	10,	1,	1),
(433,	17,	1,	1),
(434,	18,	1,	1),
(435,	19,	1,	1),
(436,	22,	1,	1),
(437,	27,	1,	1),
(438,	29,	1,	1),
(439,	13,	1,	1),
(440,	41,	1,	1),
(441,	43,	1,	1),
(442,	1,	1,	0),
(443,	46,	1,	1),
(444,	11,	1,	1),
(445,	52,	1,	1),
(446,	3,	1,	0),
(447,	57,	1,	1),
(448,	58,	1,	1),
(449,	10,	1,	1),
(450,	17,	1,	1),
(451,	18,	1,	1),
(452,	19,	1,	1),
(453,	22,	1,	1),
(454,	27,	1,	1),
(455,	29,	1,	1),
(456,	13,	1,	1),
(457,	41,	1,	1),
(458,	43,	1,	1),
(459,	1,	1,	0),
(460,	46,	1,	1),
(461,	11,	1,	1),
(462,	52,	1,	1),
(463,	3,	1,	0),
(464,	57,	1,	1),
(465,	58,	1,	1),
(466,	10,	1,	1),
(467,	17,	1,	1),
(468,	18,	1,	1),
(469,	19,	1,	1),
(470,	22,	1,	1),
(471,	27,	1,	1),
(472,	29,	1,	1),
(473,	13,	1,	1),
(474,	41,	1,	1),
(475,	43,	1,	1),
(476,	1,	1,	0),
(477,	46,	1,	1),
(478,	11,	1,	1),
(479,	52,	1,	1),
(480,	3,	1,	0),
(481,	57,	1,	1),
(482,	58,	1,	1),
(483,	3,	1,	0),
(484,	3,	1,	0),
(485,	58,	1,	1),
(486,	3,	1,	0),
(487,	58,	1,	1),
(488,	3,	1,	0),
(489,	58,	1,	1),
(490,	3,	1,	0),
(491,	58,	1,	1),
(492,	3,	1,	0),
(493,	58,	1,	1),
(494,	3,	1,	0),
(495,	58,	1,	1),
(496,	3,	2,	0),
(497,	3,	2,	0),
(498,	3,	2,	0),
(499,	3,	1,	0),
(500,	10,	1,	1),
(501,	17,	1,	1),
(502,	18,	1,	1),
(503,	19,	1,	1),
(504,	22,	1,	1),
(505,	27,	1,	1),
(506,	29,	1,	1),
(507,	31,	1,	1),
(508,	13,	1,	1),
(509,	38,	1,	1),
(510,	39,	1,	1),
(511,	44,	1,	0),
(512,	46,	1,	1),
(513,	11,	1,	1),
(514,	52,	1,	1),
(515,	57,	1,	1),
(516,	17,	1,	1),
(517,	18,	1,	1),
(518,	15,	1,	1),
(519,	38,	1,	1),
(520,	44,	1,	0),
(521,	47,	1,	1),
(522,	8,	1,	1),
(523,	10,	1,	1),
(524,	22,	1,	1),
(525,	27,	1,	1),
(526,	39,	1,	1),
(527,	42,	1,	1),
(528,	46,	1,	1),
(529,	47,	1,	1),
(530,	10,	1,	1),
(531,	17,	1,	1),
(532,	18,	1,	1),
(533,	19,	1,	1),
(534,	22,	1,	1),
(535,	27,	1,	1),
(536,	29,	1,	1),
(537,	13,	1,	1),
(538,	41,	1,	1),
(539,	43,	1,	1),
(540,	46,	1,	1),
(541,	11,	1,	1),
(542,	52,	1,	1),
(543,	57,	1,	1),
(544,	58,	1,	1),
(545,	1,	1,	0),
(546,	3,	1,	0),
(547,	59,	1,	1),
(548,	10,	1,	1),
(549,	17,	1,	1),
(550,	18,	1,	1),
(551,	19,	1,	1),
(552,	22,	1,	1),
(553,	27,	1,	1),
(554,	29,	1,	1),
(555,	31,	1,	1),
(556,	13,	1,	1),
(557,	38,	1,	1),
(558,	39,	1,	1),
(559,	44,	1,	0),
(560,	46,	1,	1),
(561,	11,	1,	1),
(562,	52,	1,	1),
(563,	57,	1,	1),
(564,	3,	1,	0),
(565,	59,	1,	1),
(566,	8,	1,	1),
(567,	10,	1,	1),
(568,	22,	1,	1),
(569,	27,	1,	1),
(570,	39,	1,	1),
(571,	42,	1,	1),
(572,	46,	1,	1),
(573,	47,	1,	1),
(574,	59,	1,	1),
(575,	3,	1,	0),
(576,	1,	2,	0),
(577,	3,	2,	0),
(578,	1,	1,	0),
(579,	62,	1,	1),
(580,	17,	1,	1),
(581,	18,	1,	1),
(582,	19,	1,	1),
(583,	22,	1,	1),
(584,	15,	1,	1),
(585,	26,	1,	1),
(586,	29,	1,	1),
(587,	31,	1,	1),
(588,	13,	1,	1),
(589,	38,	1,	1),
(590,	45,	1,	1),
(591,	46,	1,	1),
(592,	11,	1,	1),
(593,	57,	1,	1),
(594,	59,	1,	1),
(595,	1,	1,	0),
(596,	44,	1,	0),
(597,	62,	1,	1),
(598,	3,	1,	1),
(599,	62,	1,	1),
(600,	10,	1,	1),
(601,	17,	1,	1),
(602,	18,	1,	1),
(603,	19,	1,	1),
(604,	22,	1,	1),
(605,	26,	1,	1),
(606,	29,	1,	1),
(607,	31,	1,	1),
(608,	13,	1,	1),
(609,	41,	1,	1),
(610,	42,	1,	1),
(611,	45,	1,	1),
(612,	46,	1,	1),
(613,	47,	1,	1),
(614,	11,	1,	1),
(615,	52,	1,	1),
(616,	57,	1,	1),
(617,	59,	1,	1),
(618,	44,	1,	0),
(619,	1,	1,	0),
(620,	3,	1,	1),
(621,	10,	1,	1),
(622,	17,	1,	1),
(623,	18,	1,	1),
(624,	19,	1,	1),
(625,	22,	1,	1),
(626,	27,	1,	1),
(627,	29,	1,	1),
(628,	13,	1,	1),
(629,	41,	1,	1),
(630,	43,	1,	1),
(631,	46,	1,	1),
(632,	11,	1,	1),
(633,	52,	1,	1),
(634,	57,	1,	1),
(635,	58,	1,	1),
(636,	59,	1,	1),
(637,	61,	1,	1),
(638,	64,	1,	1),
(639,	10,	1,	1),
(640,	45,	1,	1),
(641,	10,	1,	1),
(642,	17,	1,	1),
(643,	18,	1,	1),
(644,	19,	1,	1),
(645,	22,	1,	1),
(646,	27,	1,	1),
(647,	29,	1,	1),
(648,	13,	1,	1),
(649,	41,	1,	1),
(650,	43,	1,	1),
(651,	46,	1,	1),
(652,	11,	1,	1),
(653,	52,	1,	1),
(654,	57,	1,	1),
(655,	58,	1,	1),
(656,	59,	1,	1),
(657,	61,	1,	1),
(658,	64,	1,	1),
(659,	65,	1,	1),
(660,	66,	1,	1),
(661,	8,	1,	1),
(662,	10,	1,	1),
(663,	22,	1,	1),
(664,	27,	1,	1),
(665,	39,	1,	1),
(666,	42,	1,	1),
(667,	46,	1,	1),
(668,	47,	1,	1),
(669,	59,	1,	1),
(670,	64,	1,	1),
(671,	65,	1,	1),
(672,	68,	1,	1),
(673,	8,	1,	1),
(674,	10,	1,	1),
(675,	22,	1,	1),
(676,	27,	1,	1),
(677,	39,	1,	1),
(678,	42,	1,	1),
(679,	46,	1,	1),
(680,	47,	1,	1),
(681,	59,	1,	1),
(682,	64,	1,	1),
(683,	65,	1,	1),
(684,	68,	1,	1),
(685,	66,	1,	1),
(686,	62,	1,	1),
(687,	3,	1,	1),
(688,	62,	1,	1),
(689,	8,	1,	1),
(690,	10,	1,	1),
(691,	22,	1,	1),
(692,	27,	1,	1),
(693,	39,	1,	1),
(694,	42,	1,	1),
(695,	46,	1,	1),
(696,	47,	1,	1),
(697,	59,	1,	1),
(698,	64,	1,	1),
(699,	65,	1,	1),
(700,	66,	1,	1),
(701,	68,	1,	1),
(702,	3,	1,	1);

DROP TABLE IF EXISTS `post`;
CREATE TABLE `post` (
  `id` int(11) NOT NULL AUTO_INCREMENT,
  `title` varchar(200) NOT NULL,
  `content` text NOT NULL,
  `category_id` int(11) NOT NULL,
  `user_id` int(11) NOT NULL,
  `likes` int(11) NOT NULL,
  `dislikes` int(11) NOT NULL,
  `privacy` varchar(50) NOT NULL,
  `createDate` timestamp NOT NULL DEFAULT CURRENT_TIMESTAMP,
  PRIMARY KEY (`id`),
  KEY `category_id` (`category_id`),
  CONSTRAINT `post_ibfk_1` FOREIGN KEY (`category_id`) REFERENCES `category` (`id`)
) ENGINE=InnoDB DEFAULT CHARSET=latin1;

INSERT INTO `post` (`id`, `title`, `content`, `category_id`, `user_id`, `likes`, `dislikes`, `privacy`, `createDate`) VALUES
(6,	'What have you found to be the most effective way o',	'What have you found to be the most effective way of disciplining your child(ren)?',	10,	1,	0,	0,	'1',	'2015-03-13 16:50:14'),
(7,	'This girl was hugging on a guy that she was with a',	'This girl was hugging on a guy that she was with at a club this Saturday. I met her after the club. We spoke about that guy and she said that he wasn\'t her man he is just a guy that is around when no one isn\'t. Should I call her?',	1,	22,	0,	0,	'1',	'2015-03-13 23:40:39'),
(8,	'Ever since I broke up with my boyfriend last month',	'Ever since I broke up with my boyfriend last month I can\'t concentrate on anything. I just want my focus back, what should I do',	3,	1,	0,	0,	'1',	'2015-03-14 00:16:35'),
(10,	'My boyfriend is amazing and I love him so much but',	'My boyfriend is amazing and I love him so much but he won\'t propose, is it really a big deal or should I just be happy with our relationship as it is?',	9,	1,	0,	0,	'1',	'2015-03-14 00:19:40'),
(11,	'I am about to have a baby and it will be my first.',	'I am about to have a baby and it will be my first. What should I expect in the first month?',	10,	1,	0,	0,	'1',	'2015-03-14 00:21:55'),
(12,	'What do I tell my girls when their father doesn\'t ',	'What do I tell my girls when their father doesn\'t show? ugh, I am so frustrated right now',	18,	1,	0,	0,	'1',	'2015-03-14 00:26:24'),
(13,	'Can I get child support for my kids from their mot',	'Can I get child support for my kids from their mother?',	24,	1,	0,	0,	'1',	'2015-03-14 00:28:34'),
(15,	'Do Atheist think the way they do about God because',	'Do Atheist think the way they do about God because of pain or is there a logical reason for your thoughts',	39,	1,	0,	0,	'1',	'2015-03-14 00:47:44'),
(16,	'Is there an organization close? I just came out an',	'Is there an organization close? I just came out and I feel alone',	29,	1,	0,	0,	'public',	'2015-03-14 01:38:15'),
(17,	'I about to go on my first date with a guy I met on',	'I about to go on my first date with a guy I met online. I\'m kind of scared. According to my profile I am bigger than he is  but it will be my first time. any thoughts?',	30,	1,	0,	0,	'1',	'2015-03-14 01:48:52'),
(18,	'I have been having an urge to be with a man. I hav',	'I have been having an urge to be with a man. I have been with my girlfriend for 3 years and everything is fine but I have always been bi-sexual never cheated. Should I tell my girlfriend about my feelings... What do I do with these conflicting urges?',	31,	1,	0,	0,	'1',	'2015-03-14 02:06:18'),
(19,	'This past week on espn, they were talking about tr',	'This past week on espn, they were talking about transgender teenagers in school. How can I know if my child is suffering from gender identity crisis?',	32,	1,	0,	0,	'1',	'2015-03-14 02:12:26'),
(20,	'It has been a few years and I haven\'t enrolled in ',	'It has been a few years and I haven\'t enrolled in Affordable Care yet. Is it as bad as the media says it is. I don\'t have any kids but I need health care. Does anyone have any experience with \"Obama Care\"?',	33,	1,	0,	0,	'1',	'2015-03-14 02:17:12'),
(21,	'I feel like it is rough being a republican, it alm',	'I feel like it is rough being a republican, it almost seems as if people think that being  a republican is being a racist Do you think that the public incidents of cops and minorities is  hurting the party?',	34,	1,	0,	0,	'1',	'2015-03-14 03:05:03'),
(22,	'who cares about politics anymore',	'who cares about politics anymore',	35,	1,	0,	0,	'1',	'2015-03-14 03:23:34'),
(23,	'Is Jesus real? Christmas is fake, Easter is fake, ',	'Is Jesus real? Christmas is fake, Easter is fake, all of the holidays to celebrate his existence have found to be fake, what proof is there that he is real?',	36,	1,	0,	0,	'1',	'2015-03-14 03:34:46'),
(24,	'Do women automatically think on the first meet up ',	'Do women automatically think on the first meet up the guy should pay, if so are they offended if the bill is split?',	3,	27,	0,	0,	'1',	'2015-03-16 16:46:01');

DROP TABLE IF EXISTS `postactivity`;
CREATE TABLE `postactivity` (
  `id` int(11) NOT NULL AUTO_INCREMENT,
  `userid` int(11) NOT NULL,
  `activity` int(11) NOT NULL,
  `postid` int(11) NOT NULL,
  PRIMARY KEY (`id`)
) ENGINE=InnoDB DEFAULT CHARSET=latin1;

INSERT INTO `postactivity` (`id`, `userid`, `activity`, `postid`) VALUES
(12,	3,	1,	103),
(13,	3,	1,	102),
(14,	3,	1,	83),
(15,	3,	1,	104),
(16,	3,	1,	91),
(17,	3,	1,	92),
(18,	3,	1,	93),
(19,	3,	1,	105),
(20,	3,	1,	107),
(21,	3,	1,	108),
(22,	3,	1,	123),
(23,	44,	1,	96),
(24,	1,	1,	97),
(25,	1,	1,	96),
(26,	3,	1,	124),
(27,	3,	1,	127),
(28,	3,	1,	96),
(29,	3,	1,	128),
(30,	3,	1,	129),
(31,	3,	1,	133),
(32,	1,	1,	78),
(33,	1,	1,	134),
(34,	3,	1,	126),
(35,	66,	1,	137),
(36,	66,	1,	126),
(37,	1,	1,	80),
(38,	1,	1,	85),
(39,	66,	1,	139),
(40,	66,	1,	140),
(41,	66,	1,	81),
(42,	66,	1,	88),
(43,	66,	1,	141),
(44,	66,	1,	142),
(45,	68,	1,	142),
(46,	3,	1,	79),
(47,	3,	1,	87),
(48,	3,	1,	90),
(49,	3,	1,	130),
(50,	3,	1,	144),
(51,	27,	1,	144),
(52,	3,	1,	145),
(53,	70,	1,	82),
(54,	70,	1,	83),
(55,	1,	1,	146),
(56,	27,	1,	88),
(57,	1,	1,	147),
(58,	44,	1,	147),
(59,	44,	1,	146),
(60,	44,	1,	148),
(61,	1,	1,	149);

DROP TABLE IF EXISTS `privacy`;
CREATE TABLE `privacy` (
  `id` int(11) NOT NULL AUTO_INCREMENT,
  `description` text CHARACTER SET utf8 COLLATE utf8_bin NOT NULL,
  `last_updated_time` timestamp NOT NULL DEFAULT CURRENT_TIMESTAMP,
  PRIMARY KEY (`id`)
) ENGINE=InnoDB DEFAULT CHARSET=latin1;

INSERT INTO `privacy` (`id`, `description`, `last_updated_time`) VALUES
(1,	'<p>This Privacy Policy governs the manner in which WRASK, Inc&nbsp;collects, uses, maintains and discloses information collected from users (each, a \"User\") of the<a style=\"color: #1155cc;\" href=\"http://www.wrask.com/\" target=\"_blank\">www.wrask.com</a>&nbsp;website (\"Site\"). This privacy policy applies to the Site and all products and services offered by WRASK, Inc.</p>\r\n<p>WRASK is an Acronym for WRITE READ AND SUBMIT KNOWLEDGE. WRASK IT is a product from WRASK, Inc. WRASK IT is a website, mobile application and platform that exist for the purpose of connecting users (all persons using the site/app) to each to ask and answer questions.&nbsp;</p>\r\n<p>&nbsp;</p>\r\n<p>Third party websites</p>\r\n<p>Users may find advertising or other content on our Site that link to the sites and services of our partners, suppliers, advertisers, sponsors, licensors and other third parties. We do not control the content or links that appear on these sites and are not responsible for the practices employed by websites linked to or from our Site. In addition, these sites or services, including their content and links, may be constantly changing. These sites and services may have their own privacy policies and customer service policies. Browsing and interaction on any other website, including websites which have a link to our Site, is subject to that website\\\'s own terms and policies.</p>\r\n<p>Advertising</p>\r\n<p>Ads appearing on our site may be delivered to Users by advertising partners, who may set cookies. These cookies allow the ad server to recognize your computer each time they send you an online advertisement to compile non personal identification information about you or others who use your computer. This information allows ad networks to, among other things, deliver targeted advertisements that they believe will be of most interest to you. This privacy policy does not cover the use of cookies by any advertisers.</p>\r\n<p>Google Adsense</p>\r\n<p><span style=\"color: #222222; font-family: Tahoma, Geneva, sans-serif; font-size: medium;\">Some of the ads may be served by Google. Google\\\'s use of the DART cookie enables it to serve ads to Users based on their visit to our Site and other sites on the Internet. DART uses \"non personally identifiable information\" and does NOT track personal information about you, such as your name, email address, physical address, etc. You may opt out of the use of the DART cookie by visiting the Google ad and content network privacy policy at</span><a style=\"color: #125abd; margin: 0px; padding: 0px; border: none; outline: none; vertical-align: baseline; text-decoration: none; font-family: Tahoma, Geneva, sans-serif; font-size: medium; background-image: initial; background-repeat: initial;\" href=\"http://www.google.com/privacy_ads.html\" target=\"_blank\">http://www.google.com/<wbr />privacy_ads.html</a></p>\r\n<p>&nbsp;</p>\r\n<p>Personal identification information</p>\r\n<p>We may collect personal identification information from Users in a variety of ways, including, but not limited to, when Users visit our site, register on the site and in connection with other activities, services, features or resources we make available on our Site. Users may be asked for, as appropriate, name, email address,.</p>\r\n<p>We will collect personal identification information from Users only if they voluntarily submit such information to us. Users can always refuse to supply personally identification information, except that it may prevent them from engaging in certain Site related activities.</p>\r\n<p>Non-personal identification information</p>\r\n<p>We may collect non-personal identification information about Users whenever they interact with our Site. Non-personal identification information may include the browser name, the type of computer and technical information about Users means of connection to our Site, such as the operating system and the Internet service providers utilized and other similar information.</p>\r\n<p>Web browser cookies</p>\r\n<p>Our Site may use \"cookies\" to enhance User experience. User\'s web browser places cookies on their hard drive for record-keeping purposes and sometimes to track information about them. User may choose to set their web browser to refuse cookies, or to alert you when cookies are being sent. If they do so, note that some parts of the Site may not function properly.&nbsp;</p>\r\n<p>How we use collected information</p>\r\n<p>WRASK, Inc&nbsp;collects and uses Users personal information for the following purposes:</p>\r\n<p><em style=\"margin: 0px; padding: 0px; border: none; outline: none; vertical-align: baseline; background: transparent;\">To improve customer service</em></p>\r\n<ul style=\"color: #222222; margin: 20px 15px; padding: 0px; border: none; outline: none; vertical-align: baseline; clear: both; font-family: Tahoma, Geneva, sans-serif; font-size: medium; background-image: initial; background-repeat: initial;\">\r\n<li style=\"margin: 0px; padding: 0px; border: none; outline: none; vertical-align: baseline; list-style: none; background: transparent;\">Your information helps us to more effectively respond to your customer service requests and support needs.</li>\r\n<li style=\"margin: 0px; padding: 0px; border: none; outline: none; vertical-align: baseline; list-style: none; background: transparent;\"><em style=\"margin: 0px; padding: 0px; border: none; outline: none; vertical-align: baseline; background: transparent;\">To personalize user experience</em>We may use information in the aggregate to understand how our Users as a group use the services and resources provided on our Site.</li>\r\n<li style=\"margin: 0px; padding: 0px; border: none; outline: none; vertical-align: baseline; list-style: none; background: transparent;\"><em style=\"margin: 0px; padding: 0px; border: none; outline: none; vertical-align: baseline; background: transparent;\">To improve our Site</em>We continually strive to improve our website offerings based on the information and feedback we receive from you.</li>\r\n<li style=\"margin: 0px; padding: 0px; border: none; outline: none; vertical-align: baseline; list-style: none; background: transparent;\"><em style=\"margin: 0px; padding: 0px; border: none; outline: none; vertical-align: baseline; background: transparent;\">To administer a content, promotion, survey or other Site feature</em>To send Users information they agreed to receive about topics we think will be of interest to them.</li>\r\n<li style=\"margin: 0px; padding: 0px; border: none; outline: none; vertical-align: baseline; list-style: none; background: transparent;\"><em style=\"margin: 0px; padding: 0px; border: none; outline: none; vertical-align: baseline; background: transparent;\">To share your information with third parties</em>We may share or sell information with third parties for marketing or other purposes.</li>\r\n<li style=\"margin: 0px; padding: 0px; border: none; outline: none; vertical-align: baseline; list-style: none; background: transparent;\"><em style=\"margin: 0px; padding: 0px; border: none; outline: none; vertical-align: baseline; background: transparent;\">To send periodic emails</em>The email address Users provide for order processing, will only be used to send them information and updates pertaining to their order. It may also be used to respond to their inquiries, and/or other requests or questions. If User decides to opt-in to our mailing list, they will receive emails that may include company news, updates, related product or service information, etc. If at any time the User would like to unsubscribe from receiving future emails, we include detailed unsubscribe instructions at the bottom of each email or User may contact us via our Site.</li>\r\n</ul>\r\n<p>&nbsp;How we protect your information</p>\r\n<p>We adopt appropriate data collection, storage and processing practices and security measures to protect against unauthorized access, alteration, disclosure or destruction of your personal information, username, password, transaction information and data stored on our Site.</p>\r\n<p>&nbsp;</p>\r\n<p>Sensitive and private data exchange between the Site and its Users happens over a SSL secured communication channel and is encrypted and protected with digital signatures.</p>\r\n<p>Compliance with children\\\'s online privacy protection act</p>\r\n<p>Protecting the privacy of the very young is especially important. For that reason, we never collect or maintain information at our Site from those we actually know are under 13, and no part of our website is structured to attract anyone under 13.<br style=\"margin: 0px; padding: 0px;\" /><br style=\"margin: 0px; padding: 0px;\" /></p>\r\n<p>Changes to this privacy policy&nbsp;</p>\r\n<p>WRASK, Inc&nbsp;has the discretion to update this privacy policy at any time. When we do, revise the updated date at the bottom of this page,send you an email. We encourage Users to frequently check this page for any changes to stay informed about how we are helping to protect the personal information we collect. You acknowledge and agree that it is your responsibility to review this privacy policy periodically and become aware of modifications.</p>\r\n<p>Your acceptance of these terms</p>\r\n<p>&nbsp;By using this Site, you signify your acceptance of this policy and&nbsp;<a style=\"color: #125abd; margin: 0px; padding: 0px; border: none; outline: none; vertical-align: baseline; line-height: normal; text-decoration: none; background: transparent;\" href=\"http://www.wraskit.com/\" target=\"_blank\">terms of service</a>. If you do not agree to this policy, please do not use our Site. Your continued use of the Site following the posting of changes to this policy will be deemed your acceptance of those changes.</p>\r\n<p>&nbsp;</p>\r\n<p>Contacting us</p>\r\n<p>&nbsp;If you have any questions about this Privacy Policy, the practices of this site, or your dealings with this site, please contact us at:</p>\r\n<p><br style=\"margin: 0px; padding: 0px;\" />WRASK, Inc<br style=\"margin: 0px; padding: 0px;\" /><br style=\"margin: 0px; padding: 0px;\" /><a style=\"color: #1155cc;\" href=\"http://www.wrask.com/\" target=\"_blank\">www.wraskit.com</a>&nbsp;In the settings Tab by selecting the Feedback Button<br style=\"margin: 0px; padding: 0px;\" /><br style=\"margin: 0px; padding: 0px;\" />Bronx, NY 10460</p>',	'2015-03-26 14:04:50');

DROP TABLE IF EXISTS `reply`;
CREATE TABLE `reply` (
  `id` int(11) NOT NULL AUTO_INCREMENT,
  `content` text NOT NULL,
  `userId` int(11) NOT NULL,
  `createDate` datetime NOT NULL,
  `commentId` int(11) NOT NULL,
  PRIMARY KEY (`id`)
) ENGINE=InnoDB DEFAULT CHARSET=latin1;

INSERT INTO `reply` (`id`, `content`, `userId`, `createDate`, `commentId`) VALUES
(1,	'comment reply 1',	1,	'2014-05-13 12:25:18',	11),
(2,	'comment reply 2',	1,	'2014-05-14 12:25:36',	11),
(3,	'good answer, love it!',	3,	'0000-00-00 00:00:00',	27),
(4,	'Thanks for your answer. Working out pays off in the short term with greater productivity and in the long term with better health. The total benefit: You\'ll get more accomplished each day, and you\'ll have more days of accomplishment.',	3,	'0000-00-00 00:00:00',	26),
(5,	'Thank you for your answer, have a nice day!',	3,	'0000-00-00 00:00:00',	27),
(6,	'Nice answer, love you !',	3,	'0000-00-00 00:00:00',	27),
(7,	'Thank you for your answer. Working out pays off in the short term with greater productivity and in the long term with better health. The total benefit: You\'ll get more accomplished each day, and you\'ll have more days of accomplishment.',	3,	'0000-00-00 00:00:00',	27),
(8,	'Thank you for your answer. Working out pays off in the short term with greater productivity and in the long term with better health. The total benefit: You\'ll get more accomplished each day, and you\'ll have more days of accomplishment.',	3,	'0000-00-00 00:00:00',	27),
(9,	'good answer love it!',	3,	'0000-00-00 00:00:00',	26),
(10,	'thank you for the answer.',	3,	'0000-00-00 00:00:00',	26),
(11,	'test reply for this content...',	3,	'0000-00-00 00:00:00',	28),
(12,	'what is the difference between',	3,	'0000-00-00 00:00:00',	29),
(13,	'l;.;.;',	1,	'0000-00-00 00:00:00',	30),
(14,	'jjj',	1,	'0000-00-00 00:00:00',	30),
(15,	'test reply to answer...',	1,	'0000-00-00 00:00:00',	35),
(16,	'Why is there an assumption that cops or authorities are Republicans. Are all racist republican, could it be that people are over generalizing the party',	1,	'0000-00-00 00:00:00',	43),
(17,	'What do you think',	1,	'0000-00-00 00:00:00',	79),
(18,	'It would be interesting',	1,	'0000-00-00 00:00:00',	87),
(19,	'Jii',	3,	'0000-00-00 00:00:00',	122),
(20,	'Test',	3,	'0000-00-00 00:00:00',	102),
(21,	'answer reply',	3,	'0000-00-00 00:00:00',	102),
(22,	',',	66,	'0000-00-00 00:00:00',	139),
(23,	',',	66,	'0000-00-00 00:00:00',	139),
(24,	',',	66,	'0000-00-00 00:00:00',	139),
(25,	',',	66,	'0000-00-00 00:00:00',	139),
(26,	'This s a reply from var 4',	66,	'0000-00-00 00:00:00',	142),
(27,	'This s a reply from var 4',	66,	'0000-00-00 00:00:00',	142);

DROP TABLE IF EXISTS `Rights`;
CREATE TABLE `Rights` (
  `itemname` varchar(64) NOT NULL,
  `type` int(11) NOT NULL,
  `weight` int(11) NOT NULL,
  PRIMARY KEY (`itemname`),
  CONSTRAINT `Rights_ibfk_1` FOREIGN KEY (`itemname`) REFERENCES `AuthItem` (`name`) ON DELETE CASCADE ON UPDATE CASCADE
) ENGINE=InnoDB DEFAULT CHARSET=latin1;


DROP TABLE IF EXISTS `tbl_profiles`;
CREATE TABLE `tbl_profiles` (
  `user_id` int(11) NOT NULL AUTO_INCREMENT,
  `lastname` varchar(50) NOT NULL DEFAULT '',
  `firstname` varchar(50) NOT NULL DEFAULT '',
  `love` text NOT NULL,
  `hate` text NOT NULL,
  `city` varchar(255) NOT NULL DEFAULT '',
  `state` varchar(255) NOT NULL DEFAULT '',
  `profilePic` varchar(255) NOT NULL DEFAULT 'profile_blank.png',
  PRIMARY KEY (`user_id`),
  CONSTRAINT `user_profile_id` FOREIGN KEY (`user_id`) REFERENCES `tbl_users` (`id`) ON DELETE CASCADE
) ENGINE=InnoDB DEFAULT CHARSET=utf8;

INSERT INTO `tbl_profiles` (`user_id`, `lastname`, `firstname`, `love`, `hate`, `city`, `state`, `profilePic`) VALUES
(1,	'words',	'onist',	'From an early age, like for many, football was a part of my daily life. It runs through my father’s family particularly strongly, with generations going to watch matches at the Vetch Field and I was introduced to the live match day experience at the age of 6. If had to be blunt, the game of football itself really bores me at times. I’ve never experienced any real satisfaction from playing but this is probably due to a lack of any real skill! www.facebook.com',	'Grimsby Town’s Mariners Trust have launched an online campaign to generate support for the club’s proposed 14,000 stadium and community leisure complex on Peaks Parkway, the main road through the town. The Mariners Trust explain why fans should back it below… Relocation to the Peaks Parkway site will ensure sustainability for the Mariners and help to safeguard the club’s long-term future.',	'New York',	'NY',	'1062599193MUSHROOM PHOTO 1.jpg'),
(2,	'Demo',	'Demo',	'',	'',	'',	'',	'profile_blank.png'),
(3,	'babu',	'satheesh',	'From an early age, like for many, football was a part of my daily life. It runs through my father’s family particularly strongly, with generations going to watch matches at the Vetch Field and I was introduced to the live match day experience at the age of 6. If had to be blunt, the game of football itself really bores me at times. I’ve never experienced any real satisfaction from playing but this is probably due to a lack of any real skill!',	'dev test <a href=\"<a href=\"http://www.google.com\" target=\"_blank\">www.google.com</a>\" target=\"_blank\">www.google.com</a> Grimsby Town’s Mariners Trust have launched an online campaign to generate support for the club’s proposed 14,000 stadium and community leisure complex on Peaks Parkway, the main road through the town. The Mariners Trust explain why fans should back it below… Relocation to the Peaks Parkway site will ensure sustainability for the Mariners and help to safeguard the club’s long-term future.',	'Ca',	'Callifornia',	'535502878image.jpg'),
(4,	'aaa',	'root',	'',	'',	'',	'',	'profile_blank.png'),
(5,	'ddd',	'dino1',	'sdfsd',	'sdfsd',	'',	'',	'profile_blank.png'),
(6,	'Duhon',	'Jonathan',	'',	'',	'',	'',	'profile_blank.png'),
(10,	'pp',	'varun',	'',	'',	'',	'',	''),
(11,	'pppk',	'kiran',	'Those who hate most fervently must have once loved deeply; those who want to deny the world must have once embraced what they now set on fire.',	'Few people can be happy unless they hate some other person, nation, or creed.',	'Trivandrum',	'Kerala',	'1033438304image.jpg'),
(22,	'Duhon',	'Jonathan',	'',	'',	'',	'',	'profile_blank.png'),
(24,	'pols',	'pols',	'',	'',	'',	'',	'profile_blank.png'),
(27,	'Glover',	'Darris',	'traveling',	'nobody',	'Oklahoma City',	'Oklahoma',	'profile_blank.png'),
(28,	'duhon',	'peter',	'',	'',	'',	'',	'profile_blank.png'),
(30,	'mohan',	'raj',	'',	'',	'',	'',	'profile_blank.png'),
(31,	'kumar',	'mohan',	'',	'',	'',	'',	'profile_blank.png'),
(33,	'verma',	'vikas',	'',	'',	'',	'',	'profile_blank.png'),
(34,	'Duhon',	'Jonathan',	'',	'',	'',	'',	'profile_blank.png'),
(35,	'Sha',	'chetan1163',	'',	'',	'',	'',	'profile_blank.png'),
(36,	'Trần',	'Phước Tú',	'',	'',	'',	'',	'profile_blank.png'),
(37,	'test',	'test',	'',	'',	'',	'',	'profile_blank.png'),
(38,	'Baptiste',	'Rhenita',	'',	'',	'',	'',	'profile_blank.png'),
(39,	'Pursel',	'Shannon',	'',	'',	'',	'',	'profile_blank.png'),
(40,	'Henry',	'Jay',	'',	'',	'',	'',	'profile_blank.png'),
(41,	'Duhon',	'Peter',	'',	'',	'',	'',	'profile_blank.png'),
(42,	'Lawson',	'Arnaud',	'',	'',	'',	'',	'profile_blank.png'),
(43,	'Rogers',	'Edwin',	'',	'',	'',	'',	'profile_blank.png'),
(44,	'Rodriguez',	'Jennifer',	'',	'',	'',	'',	'1619787155Selfie.jpg'),
(45,	'duhon',	'Gayle',	'',	'',	'',	'',	'profile_blank.png'),
(46,	'India',	'TestSolutions',	'',	'',	'',	'',	'profile_blank.png'),
(47,	'Qinwitz',	'Maria',	'',	'',	'',	'',	'profile_blank.png'),
(48,	'123',	'test',	'',	'',	'',	'',	'profile_blank.png'),
(49,	'www',	'test2',	'',	'',	'',	'',	'profile_blank.png'),
(50,	'fdf',	'tedts',	'',	'',	'',	'',	'profile_blank.png'),
(51,	'ghh',	'fft',	'',	'',	'',	'',	'profile_blank.png'),
(52,	'trdgu',	'dtres',	'',	'',	'',	'',	'profile_blank.png'),
(53,	'pp',	'sumesh',	'',	'',	'',	'',	'1288094210celebrity-342354.jpg'),
(56,	'pp',	'messi',	'',	'',	'',	'',	'profile_blank.png'),
(58,	'kumar',	'raj',	'',	'',	'',	'',	'profile_blank.png'),
(59,	'dfdf',	'testtt',	'',	'',	'',	'',	'profile_blank.png'),
(60,	'Hall',	'Rachel',	'',	'',	'',	'',	'profile_blank.png'),
(61,	'kkk',	'brijesh',	'',	'',	'',	'',	'profile_blank.png'),
(62,	'devi',	'rama',	'',	'',	'',	'',	'1505797597image.jpg'),
(63,	'm',	'varun',	'',	'',	'',	'',	'profile_blank.png'),
(64,	'm',	'varun',	'I love my life',	'I hate others cry',	'trivandrum',	'kerala',	'1587245050image.jpg'),
(65,	'm',	'var3',	'',	'',	'',	'',	'profile_blank.png'),
(66,	'm',	'var4',	'',	'',	'',	'',	'1194434705image.jpg'),
(67,	'm',	'var5',	'',	'',	'',	'',	'profile_blank.png'),
(68,	'm',	'var6',	'',	'',	'',	'',	'profile_blank.png'),
(69,	'Brody',	'Jane',	'',	'',	'',	'',	'profile_blank.png'),
(70,	'Booker',	'Lydia',	'',	'',	'',	'',	'profile_blank.png'),
(71,	'Kosseh',	'Joseph',	'Poetry, Fighting, Family, Church, God, Christ, Friends, Mentoring, Exercising, Growth, My Relationship',	'Arguments',	'Bronx',	'New York',	'1261934009image.jpg'),
(72,	'Jordan',	'Jessica',	'',	'',	'',	'',	'profile_blank.png');

DROP TABLE IF EXISTS `tbl_profiles_fields`;
CREATE TABLE `tbl_profiles_fields` (
  `id` int(10) NOT NULL AUTO_INCREMENT,
  `varname` varchar(50) NOT NULL,
  `title` varchar(255) NOT NULL,
  `field_type` varchar(50) NOT NULL,
  `field_size` varchar(15) NOT NULL DEFAULT '0',
  `field_size_min` varchar(15) NOT NULL DEFAULT '0',
  `required` int(1) NOT NULL DEFAULT '0',
  `match` varchar(255) NOT NULL DEFAULT '',
  `range` varchar(255) NOT NULL DEFAULT '',
  `error_message` varchar(255) NOT NULL DEFAULT '',
  `other_validator` varchar(5000) NOT NULL DEFAULT '',
  `default` varchar(255) NOT NULL DEFAULT '',
  `widget` varchar(255) NOT NULL DEFAULT '',
  `widgetparams` varchar(5000) NOT NULL DEFAULT '',
  `position` int(3) NOT NULL DEFAULT '0',
  `visible` int(1) NOT NULL DEFAULT '0',
  PRIMARY KEY (`id`),
  KEY `varname` (`varname`,`widget`,`visible`)
) ENGINE=InnoDB DEFAULT CHARSET=utf8;

INSERT INTO `tbl_profiles_fields` (`id`, `varname`, `title`, `field_type`, `field_size`, `field_size_min`, `required`, `match`, `range`, `error_message`, `other_validator`, `default`, `widget`, `widgetparams`, `position`, `visible`) VALUES
(1,	'lastname',	'Last Name',	'VARCHAR',	'50',	'3',	1,	'',	'',	'Incorrect Last Name (length between 3 and 50 characters).',	'',	'',	'',	'',	1,	3),
(2,	'firstname',	'First Name',	'VARCHAR',	'50',	'3',	1,	'',	'',	'Incorrect First Name (length between 3 and 50 characters).',	'',	'',	'',	'',	0,	3),
(3,	'love',	'I love',	'TEXT',	'1000',	'0',	1,	'',	'',	'',	'',	'',	'',	'',	0,	3),
(4,	'hate',	'I hate',	'TEXT',	'1000',	'0',	1,	'',	'',	'',	'',	'',	'',	'',	0,	3),
(5,	'city',	'City',	'VARCHAR',	'255',	'0',	0,	'',	'',	'',	'',	'',	'',	'',	0,	3),
(6,	'state',	'state',	'VARCHAR',	'255',	'0',	0,	'',	'',	'',	'',	'',	'',	'',	0,	3),
(7,	'profilePic',	'Profile Picture',	'VARCHAR',	'255',	'0',	0,	'',	'',	'',	'',	'profile_blank.png',	'',	'',	0,	3);

DROP TABLE IF EXISTS `tbl_users`;
CREATE TABLE `tbl_users` (
  `id` int(11) NOT NULL AUTO_INCREMENT,
  `username` varchar(20) NOT NULL,
  `password` varchar(128) NOT NULL,
  `email` varchar(128) NOT NULL,
  `activkey` varchar(128) NOT NULL DEFAULT '',
  `create_at` timestamp NOT NULL DEFAULT CURRENT_TIMESTAMP,
  `lastvisit_at` timestamp NOT NULL DEFAULT '0000-00-00 00:00:00',
  `superuser` int(1) NOT NULL DEFAULT '0',
  `status` int(1) NOT NULL DEFAULT '0',
  `wraskpoints` int(11) NOT NULL DEFAULT '0',
  `location` varchar(100) NOT NULL,
  `device_id` text NOT NULL,
  `device_type` text NOT NULL,
  PRIMARY KEY (`id`),
  UNIQUE KEY `username` (`username`),
  UNIQUE KEY `email` (`email`),
  KEY `status` (`status`),
  KEY `superuser` (`superuser`)
) ENGINE=InnoDB DEFAULT CHARSET=utf8;

INSERT INTO `tbl_users` (`id`, `username`, `password`, `email`, `activkey`, `create_at`, `lastvisit_at`, `superuser`, `status`, `wraskpoints`, `location`, `device_id`, `device_type`) VALUES
(1,	'admin',	'21232f297a57a5a743894a0e4a801fc3',	'webmaster@example.com',	'8ac814e63600ccd2d49bc35d484bc7cf',	'2014-05-09 05:57:48',	'2015-04-06 06:59:30',	1,	1,	470,	'NY',	'',	''),
(2,	'demo',	'fe01ce2a7fbac8fafaed7c982a04e229',	'demo@example.com',	'099f825543f7850cc038b90aaff39fac',	'2014-05-09 05:57:48',	'2014-05-14 06:08:24',	0,	1,	0,	'',	'',	''),
(3,	'satheesh',	'202cb962ac59075b964b07152d234b70',	'kpsatheeshbabu@gmail.com',	'1f3acf8524de730453e4543ee1e93299',	'2014-05-09 06:23:30',	'2014-05-23 05:59:12',	0,	1,	276,	'FL',	'APA91bF8HQGEGTgCr8B8Mt8sFpgqUUVxt-1SQv07VPsSCTJumg7BFo0KZht-UMVdjuNVfkxxf4EJ45breRGIBrDmCz8rAm426Isq_7nnjvy2JMk1KAZkK40Z7dDlDtlHG-RA7LSTrJVX6TzYk5uGZgZQiwrGXzZaFA',	'Android'),
(4,	'root',	'63a9f0ea7bb98050796b649e85481845',	'satheesh1@3eplc.com',	'80324f640545c9eebc6985b9f69b7693',	'2014-05-21 11:26:58',	'0000-00-00 00:00:00',	0,	1,	0,	'',	'',	''),
(5,	'dino',	'81dc9bdb52d04dc20036dbd8313ed055',	'dino@3eplc.com',	'624a393c63c150fd991840d739fa7dac',	'2014-10-10 08:00:48',	'0000-00-00 00:00:00',	0,	1,	0,	'',	'',	''),
(6,	'Jon',	'e0055b00287238e4a94ed9695e4f4ab6',	'awesomewc@gmail.com',	'968501d0a77cf60f4138e694dda62f05',	'2015-02-27 00:25:18',	'0000-00-00 00:00:00',	0,	1,	0,	'',	'',	''),
(10,	'varun',	'81dc9bdb52d04dc20036dbd8313ed055',	'varun@3eplc.com',	'9aae4e744ac32128c634b8f26d16f821',	'2015-03-06 11:00:29',	'0000-00-00 00:00:00',	0,	1,	1,	'',	'',	''),
(11,	'kiran',	'202cb962ac59075b964b07152d234b70',	'kiran@3eplc.com',	'ba0b3f81d163a97895242ae6a40818e9',	'2015-03-12 12:59:14',	'0000-00-00 00:00:00',	0,	1,	3,	'',	'APA91bGWXd0kQ-BwcBu__nAP508N_HT3E8-9NsMom1_w_Ipxckqu7OeXCAinqwomyd4Yxa_S5n_kAXFgvSAoxUI_dmyxBkwQR5hz_RUixYW-dqt0LSjRBWt7yPCEpbw-0OI5oRCm8mOCUTGY7JCeBwIVZ1u5hT6FRw',	'Android'),
(22,	'onist',	'348a322fb15fe422764e393ed7fcc081',	'wraskitapp@gmail.com',	'0dc82a54c26e5ff6dba66b5a23fa2b96',	'2015-03-13 15:49:44',	'2015-03-13 18:22:15',	0,	1,	3,	'',	'',	''),
(24,	'pols',	'202cb962ac59075b964b07152d234b70',	'paulsonpeter@3eplc.com',	'9b23353d31fc457975878a3313afe129',	'2015-03-16 15:05:57',	'0000-00-00 00:00:00',	0,	1,	0,	'',	'',	''),
(27,	'dglover85',	'1cf057e26beff300a67259a6c95a3c17',	'dglover85@me.com',	'b22bb1afce5e5070243bae5800d8aa1d',	'2015-03-16 16:28:32',	'0000-00-00 00:00:00',	0,	1,	3,	'',	'',	''),
(28,	'Cheyenne',	'14adf01f6d8b67a1f39aeb6efc9f9d4c',	'peterx1x5@gmail.com',	'5fe70b2532071c76a8479ae6aacdf021',	'2015-03-17 02:43:47',	'0000-00-00 00:00:00',	0,	1,	2,	'',	'',	''),
(30,	'raj1',	'202cb962ac59075b964b07152d234b70',	'satheeshrp@3eplc.com',	'a1fdb55cde0d171df637bd0cda1afcdb',	'2015-03-17 10:30:29',	'0000-00-00 00:00:00',	0,	1,	0,	'',	'',	''),
(31,	'mohan',	'202cb962ac59075b964b07152d234b70',	'satheeshs@3eplc.com',	'4bda15d3d03e6f0e80df2e3753f36f57',	'2015-03-17 10:41:12',	'0000-00-00 00:00:00',	0,	1,	2,	'',	'',	''),
(33,	'vikasverma',	'25f9e794323b453885f5181f1b624d0b',	'mail@loca.com',	'3e3a3c5cebf558fc48580d056f2b130a',	'2015-03-20 06:41:01',	'0000-00-00 00:00:00',	0,	1,	0,	'',	'',	''),
(34,	'10152582952579935',	'de8924fab3314b9899d82a4996d65eaa',	'onistwords@gmail.com',	'1407acd8d763a82ae668505463fbb3bc',	'2015-03-20 11:53:08',	'0000-00-00 00:00:00',	0,	1,	0,	'',	'',	''),
(35,	'chetan1163',	'e10adc3949ba59abbe56e057f20f883e',	'chetan1163@gmail.com',	'2c2ae8e4699f7db3ec288c224a7164c0',	'2015-03-20 11:55:13',	'0000-00-00 00:00:00',	0,	1,	0,	'',	'',	''),
(36,	'809228005779169',	'b93fe1c1d34f655a707c0b91e5978825',	'tranphuoctu@gmail.com',	'8fffeec004b2d185a7c26f284f30241b',	'2015-03-20 11:59:41',	'0000-00-00 00:00:00',	0,	1,	0,	'',	'',	''),
(37,	'test',	'098f6bcd4621d373cade4e832627b4f6',	'test@mail.com',	'd2593e5049e334756d43f08fbbc8bd06',	'2015-03-20 12:16:47',	'0000-00-00 00:00:00',	0,	1,	0,	'',	'',	''),
(38,	'Rhenita',	'f2552e9d7975b2451806a81f5cc4f17a',	'nakiama16@yahoo.com',	'62d99d0c8d3cea5a7e55dddbc2ee8271',	'2015-03-20 21:41:26',	'0000-00-00 00:00:00',	0,	1,	1,	'',	'',	''),
(39,	'Shannonp1217',	'1cf57c62bb0e4405087fd6cc0fbad3d7',	'shannonp1217@yahoo.com',	'5e9056295de8301030c812af0d316f8d',	'2015-03-20 22:13:55',	'0000-00-00 00:00:00',	0,	1,	2,	'',	'',	''),
(40,	'Jay',	'baba327d241746ee0829e7e88117d4d5',	'j.jhenry@hotmail.com',	'95eef23fbc14afc3249f64dcbfd15d58',	'2015-03-20 22:41:34',	'0000-00-00 00:00:00',	0,	1,	0,	'',	'',	''),
(41,	'peterduhon',	'6c23b7c337ebac2e96f4d6cc1ea09a86',	'peterduhon@gmail.com',	'7329f4dcec5abd2f58947ccdb5113c6c',	'2015-03-21 00:34:21',	'0000-00-00 00:00:00',	0,	1,	3,	'',	'',	''),
(42,	'arnaud',	'1d77d7df11f1c53fdd62e8649c94d7c4',	'm.arnaudlawsom@gmail.com',	'85c9440797f82203cf9933cd47bd491c',	'2015-03-21 00:53:38',	'0000-00-00 00:00:00',	0,	1,	1,	'',	'',	''),
(43,	'linxlab',	'0354d89c28ec399c00d3cb2d094cf093',	'edwinrogers1@gmail.com',	'dc50aad74f3b83430c2bcc3aeb3571ef',	'2015-03-21 01:34:25',	'0000-00-00 00:00:00',	0,	1,	2,	'',	'',	''),
(44,	'Jennifer',	'50f0ca7e416dd3072999bde7c9da7d91',	'phonecandyco@gmail.com',	'10b304d7c21b8f86d9c231ecee6d8ae9',	'2015-03-22 03:01:48',	'0000-00-00 00:00:00',	1,	1,	3,	'',	'',	''),
(45,	'petrina86',	'c06064eefa08b660788d1170b5c4c314',	'petjonpet@gmail.com',	'b4e10a5b5fdf5e39f644124c7cf492d4',	'2015-03-22 04:36:23',	'0000-00-00 00:00:00',	0,	1,	0,	'',	'',	''),
(46,	'371014153090882',	'5ce95d4e05e41940b6dc6460f471eb4e',	'3esolutionsindia@gmail.com',	'2f0f3528f50c3d4e5ab50fafe18e52cc',	'2015-03-23 11:29:29',	'0000-00-00 00:00:00',	0,	1,	0,	'',	'',	''),
(47,	'1377492479242299',	'5ddafd97c2c93f5d4c4c83f20c037367',	'rfvpjvb_qinwitz_1427102186@tfbnw.net',	'af8e6898880f6e6695d27bae2c7f630d',	'2015-03-23 15:07:16',	'0000-00-00 00:00:00',	0,	1,	0,	'',	'',	''),
(48,	'test1',	'202cb962ac59075b964b07152d234b70',	'satheesh.1@3eplc.com',	'6b900845295e3b21531f522ac303d3ab',	'2015-03-26 06:31:57',	'0000-00-00 00:00:00',	0,	1,	0,	'',	'',	''),
(49,	'test2',	'202cb962ac59075b964b07152d234b70',	'satheedhdd@3eplc.com',	'c49e6dadee77fb03d7a5f87e13611630',	'2015-03-26 06:33:43',	'0000-00-00 00:00:00',	0,	1,	0,	'',	'',	''),
(50,	'test1234',	'202cb962ac59075b964b07152d234b70',	'testcf@eff.com',	'3165f2bd0207cb86b08cd3f79d5569ce',	'2015-03-26 06:39:07',	'0000-00-00 00:00:00',	0,	1,	0,	'',	'eeesd',	'7657656'),
(51,	'testqq',	'202cb962ac59075b964b07152d234b70',	'cfh@fgh.com',	'd2199efb683d68cc08b201df619caf91',	'2015-03-26 06:53:12',	'0000-00-00 00:00:00',	0,	1,	0,	'',	'APA91bFLP2bHA9-5hBjWZ7z9Vhq9lj5Tg1aIUZ3W3_ulFPgF-PjdMjuYTEj5DQTjjR8j4qE6WLPmYcqKb06ny40SToEOEGBId7Wa-9tVUzZiCrS0_-KCyplZrTAyVxqkUspOXioZI2FihnnWduV2D_Jgp4zXwxR3hg',	'7657656'),
(52,	'dsdsd',	'202cb962ac59075b964b07152d234b70',	'satgfyh@hgt.com',	'ed01064ba4ae9c4d1989fc81cc76e9c3',	'2015-03-26 07:52:25',	'0000-00-00 00:00:00',	0,	1,	8,	'',	'APA91bGWXd0kQ-BwcBu__nAP508N_HT3E8-9NsMom1_w_Ipxckqu7OeXCAinqwomyd4Yxa_S5n_kAXFgvSAoxUI_dmyxBkwQR5hz_RUixYW-dqt0LSjRBWt7yPCEpbw-0OI5oRCm8mOCUTGY7JCeBwIVZ1u5hT6FRw',	'APA91bGWXd0kQ-BwcBu__nAP508N_HT3E8-9NsMom1_w_Ipxckqu7OeXCAinqwomyd4Yxa_S5n_kAXFgvSAoxUI_dmyxBkwQR5hz_RUixYW-dqt0LSjRBWt7yPCEpbw-0OI5oRCm8mOCUTGY7JCeBwIVZ1u5hT6FRw'),
(53,	'sumesh',	'202cb962ac59075b964b07152d234b70',	'varghese@3eplc.com',	'622c6b3132a9f0c0df6662fbe5ea289f',	'2015-03-27 07:44:25',	'0000-00-00 00:00:00',	0,	1,	0,	'',	'',	''),
(56,	'messi',	'202cb962ac59075b964b07152d234b70',	'satheesh@3eplc.com',	'777c4a39b2f9f206e0bc004a16fd620f',	'2015-03-27 11:46:29',	'0000-00-00 00:00:00',	0,	1,	0,	'',	'',	''),
(58,	'raj',	'202cb962ac59075b964b07152d234b70',	'satheesh.3edev@gmail.com',	'568f7178e9b228618efc02fa74061af4',	'2015-03-27 13:09:46',	'0000-00-00 00:00:00',	0,	1,	25,	'',	'',	''),
(59,	'tesss',	'202cb962ac59075b964b07152d234b70',	'sathees.sh@3eplc.com',	'4e5db6a7aa6479ee012533d2f62f0a87',	'2015-03-27 20:20:38',	'0000-00-00 00:00:00',	0,	1,	1,	'',	'APA91bFEGX0fdWegBBZn84ASqFmESk_XcIiSu6oxq3B0iuD7aDPy9-H0DT6R8WtQYaMGLTbbAx5A563jHGEH3SRMEQZw4EKqR9nZj7HyhZNs1ffy5ytkY-MWOMwOqmC8TH3O7S8tbf-j7rw3OM8T_PNa4BbqiD7K_w',	''),
(60,	'jdub',	'348a322fb15fe422764e393ed7fcc081',	'duhonjonathan@yahoo.com',	'b0282066271e9d6480f7b98050da3a7d',	'2015-03-28 03:33:00',	'0000-00-00 00:00:00',	0,	1,	0,	'',	'',	''),
(61,	'bri',	'e10adc3949ba59abbe56e057f20f883e',	'pk@gmail.com',	'e31021716452303d48a70a16b9d7fecc',	'2015-03-29 07:45:09',	'0000-00-00 00:00:00',	0,	1,	0,	'DE',	'APA91bFVhj1MLupYzuRj1eCJIF7x1-2WXcsFjGW0seFugcohSU19GwLA0RR-rbD59WyBlf_CANJHu5dEhgCMlDQl9VF5_CGrCjU03cqZw3k8d0wdRDBbBC-PZJRiTMjEIg9mQQlbGEFgidd4JezGSSJP1Uqy7c_unQ',	''),
(62,	'rama',	'202cb962ac59075b964b07152d234b70',	'rama@3eplc.com',	'ee77062541fa17e0564cbf529a607860',	'2015-03-31 07:04:06',	'0000-00-00 00:00:00',	0,	1,	0,	'CA',	'',	''),
(63,	'var1',	'e10adc3949ba59abbe56e057f20f883e',	'varun.3eqa@gmail.com',	'74f6cd87e3cbe67d1c27d5bde7921884',	'2015-04-01 12:29:10',	'0000-00-00 00:00:00',	0,	1,	0,	'',	'',	''),
(64,	'var2',	'e10adc3949ba59abbe56e057f20f883e',	'varun3eqa@gmail.com',	'ef3d3038b3d1549511a2e358025a110f',	'2015-04-01 12:43:27',	'0000-00-00 00:00:00',	0,	1,	0,	'',	'',	''),
(65,	'var3',	'e10adc3949ba59abbe56e057f20f883e',	'v.arun3eqa@gmail.com',	'08c1903310300c0c87b2904d76d55bdc',	'2015-04-01 12:54:57',	'0000-00-00 00:00:00',	0,	1,	1,	'AZ',	'',	''),
(66,	'var4',	'e10adc3949ba59abbe56e057f20f883e',	'va.run3eqa@gmail.com',	'140f8ff5884359bdce2ddb3dd462d225',	'2015-04-01 13:16:13',	'0000-00-00 00:00:00',	0,	1,	9,	'IN',	'',	''),
(67,	'var5',	'e10adc3949ba59abbe56e057f20f883e',	'var.un3eqa@gmail.com',	'38c1503f1b7b5fe7b1c72fd3c12b2a23',	'2015-04-01 13:17:20',	'0000-00-00 00:00:00',	0,	1,	0,	'',	'',	''),
(68,	'var6',	'e10adc3949ba59abbe56e057f20f883e',	'varu.n3eqa@gmail.com',	'd6a9ec478680c9791991f250f018f418',	'2015-04-01 13:18:58',	'0000-00-00 00:00:00',	0,	1,	1,	'',	'',	''),
(69,	'janebrody',	'c40170535c02fbecd3d7d9983df1f612',	'sockwysocki@gmail.com',	'5c27052d48fd694deba324be97f678b5',	'2015-04-03 03:15:27',	'0000-00-00 00:00:00',	0,	1,	0,	'',	'APA91bFkkgybEKsyYERlAZ7TFvmkheHB8JVG4KnyvnjUDA3gL3rK2WEzzNOzB6n1vU3BFk-26pQY9CUv_ZDI3m-p-nvi_tE7ZqEN6F8mOnrOkBKDoBbuExicskFiSSknwHPUApxYUdx0AvzOQpad3GYMOtFo7kcSPg',	''),
(70,	'Lydia6877',	'c44a471bd78cc6c2fea32b9fe028d30a',	'lydia_6877@yahoo.com',	'd1eaaa29eb6b57379d6d1ac979cfd09e',	'2015-04-03 03:34:23',	'0000-00-00 00:00:00',	0,	1,	1,	'',	'APA91bEfo3pwVBpv8QWZRuWmAuO1r6Hn8hty1j-khzYAOn3zpLO3Mmm4d55VVOtWhQKzjqtI1jEnyKJ4Hrrgis0m1L-o9gB97SX0-Pcx4m-cVnKc_-n7miwK0u6D0KHb5WZTGZcAKzqM6lNlWbnZt1xn2PsmCtDiCQ',	''),
(71,	'TheGentleman',	'ab97bb6abaf425392ff6bdfe37a383a9',	'earnestkosseh23@gmail.com',	'ecd3e384098d4ad3b94a230b03b83139',	'2015-04-04 05:35:23',	'0000-00-00 00:00:00',	0,	1,	0,	'',	'APA91bE1hnTsElEITxQDZdwbEvpS1zfuZLY6w9nOgDTUSm1nnk9jZk9gZ3BGlLXy8Ug6hz3OSfqyyQI9Ad5W9krnkE9yIJyvCfFzjWCZ3i14opwqTDi93dBed22znOcIBhW8QnmpvVjoudzoYQavaGwsip1nXNWozg',	''),
(72,	'funsized',	'67a4cc5fe4fbc4b4d8999f7095e688a1',	'jessicaloreaj1988@gmail.com',	'cc3ee2e244aa7756d6ce6344c5109945',	'2015-04-04 11:14:49',	'0000-00-00 00:00:00',	0,	1,	0,	'',	'APA91bF3_EoQFuDXNArOKXb2_1clqsjKSPSJ0UR0ghkd65YlSA6n0JHN3RNc62iNswSxh5qEAop6KtTVnUiFHVI7SOJYbkL83J_RO-M-UBGFyemNPhCyx8LvXqbAdhiFVxsDxUqwXpUL0nczGN-HVMJ-fejycZW9qA',	'');

DROP TABLE IF EXISTS `wraskInterest`;
CREATE TABLE `wraskInterest` (
  `id` int(11) NOT NULL AUTO_INCREMENT,
  `userId` int(11) NOT NULL,
  `categoryId` int(11) NOT NULL,
  PRIMARY KEY (`id`)
) ENGINE=InnoDB DEFAULT CHARSET=latin1;

INSERT INTO `wraskInterest` (`id`, `userId`, `categoryId`) VALUES
(40,	8,	1),
(46,	10,	1),
(47,	10,	3),
(48,	10,	6),
(49,	10,	9),
(50,	10,	29),
(129,	17,	3),
(130,	17,	6),
(131,	17,	9),
(132,	17,	10),
(133,	17,	18),
(134,	18,	3),
(135,	18,	6),
(136,	18,	9),
(137,	18,	10),
(138,	18,	18),
(145,	19,	3),
(146,	19,	6),
(147,	19,	9),
(148,	19,	10),
(149,	22,	1),
(150,	22,	3),
(151,	22,	6),
(152,	22,	9),
(153,	22,	10),
(159,	15,	10),
(160,	15,	18),
(161,	15,	24),
(162,	15,	26),
(163,	15,	28),
(169,	26,	9),
(170,	26,	10),
(171,	26,	26),
(172,	26,	33),
(173,	26,	36),
(174,	27,	1),
(175,	27,	3),
(176,	27,	6),
(177,	27,	24),
(178,	27,	33),
(179,	29,	3),
(180,	29,	6),
(181,	29,	9),
(182,	29,	10),
(202,	31,	3),
(203,	31,	9),
(204,	31,	10),
(205,	31,	26),
(206,	31,	28),
(222,	13,	3),
(223,	13,	6),
(224,	13,	9),
(225,	13,	10),
(274,	38,	3),
(275,	38,	10),
(276,	38,	18),
(277,	38,	36),
(278,	38,	43),
(279,	39,	1),
(280,	39,	3),
(281,	39,	35),
(282,	39,	36),
(283,	39,	42),
(284,	41,	6),
(285,	41,	9),
(286,	41,	35),
(287,	41,	41),
(288,	41,	42),
(289,	42,	1),
(290,	42,	9),
(291,	42,	33),
(292,	42,	42),
(293,	43,	6),
(294,	43,	33),
(295,	43,	40),
(305,	45,	9),
(306,	45,	10),
(307,	45,	29),
(308,	45,	34),
(309,	45,	36),
(315,	46,	1),
(316,	46,	3),
(317,	46,	6),
(318,	46,	9),
(319,	46,	10),
(327,	47,	1),
(328,	47,	9),
(329,	47,	18),
(330,	11,	3),
(331,	11,	6),
(332,	11,	9),
(333,	11,	10),
(338,	52,	3),
(339,	52,	6),
(340,	52,	9),
(354,	57,	3),
(355,	57,	6),
(356,	57,	9),
(357,	57,	10),
(358,	57,	24),
(370,	58,	6),
(393,	59,	1),
(394,	59,	3),
(395,	59,	6),
(396,	59,	9),
(397,	59,	10),
(409,	61,	6),
(432,	62,	26),
(433,	62,	37),
(434,	62,	40),
(435,	62,	41),
(436,	62,	44),
(475,	64,	1),
(476,	64,	6),
(477,	64,	9),
(478,	64,	10),
(479,	64,	24),
(490,	65,	1),
(491,	65,	6),
(492,	65,	9),
(493,	65,	10),
(494,	67,	18),
(495,	67,	24),
(496,	67,	26),
(497,	67,	28),
(517,	1,	9),
(518,	1,	10),
(519,	1,	18),
(520,	1,	33),
(521,	1,	40),
(522,	66,	1),
(543,	68,	1),
(572,	3,	1),
(573,	3,	3),
(574,	3,	6),
(575,	3,	9),
(576,	3,	44),
(577,	44,	9),
(578,	44,	10),
(579,	44,	18),
(580,	44,	40),
(581,	44,	45),
(582,	69,	18),
(583,	69,	29),
(584,	69,	31),
(585,	69,	33),
(586,	69,	39),
(587,	70,	9),
(588,	71,	9),
(589,	71,	36),
(590,	71,	41),
(591,	71,	43),
(592,	72,	9),
(593,	72,	10),
(594,	72,	18),
(595,	72,	26),
(596,	72,	29);

-- 2015-04-06 07:37:14
