-- Adminer 4.0.2 MySQL dump

SET NAMES utf8;
SET foreign_key_checks = 0;
SET time_zone = '+01:00';
SET sql_mode = 'NO_AUTO_VALUE_ON_ZERO';

DROP TABLE IF EXISTS `AuthAssignment`;
CREATE TABLE `AuthAssignment` (
  `itemname` varchar(64) NOT NULL,
  `userid` varchar(64) NOT NULL,
  `bizrule` text,
  `data` text,
  PRIMARY KEY (`itemname`,`userid`),
  CONSTRAINT `AuthAssignment_ibfk_1` FOREIGN KEY (`itemname`) REFERENCES `AuthItem` (`name`) ON DELETE CASCADE ON UPDATE CASCADE
) ENGINE=InnoDB DEFAULT CHARSET=latin1;

INSERT INTO `AuthAssignment` (`itemname`, `userid`, `bizrule`, `data`) VALUES
('Admin',	'1',	NULL,	'N;'),
('Authenticated',	'3',	NULL,	'N;');

DROP TABLE IF EXISTS `AuthItem`;
CREATE TABLE `AuthItem` (
  `name` varchar(64) NOT NULL,
  `type` int(11) NOT NULL,
  `description` text,
  `bizrule` text,
  `data` text,
  PRIMARY KEY (`name`)
) ENGINE=InnoDB DEFAULT CHARSET=latin1;

INSERT INTO `AuthItem` (`name`, `type`, `description`, `bizrule`, `data`) VALUES
('Admin',	2,	NULL,	NULL,	'N;'),
('Authenticated',	2,	NULL,	NULL,	'N;'),
('Guest',	2,	NULL,	NULL,	'N;'),
('Post.Category.Admin',	0,	NULL,	NULL,	'N;'),
('Post.Category.Create',	0,	NULL,	NULL,	'N;'),
('Post.Category.Delete',	0,	NULL,	NULL,	'N;'),
('Post.Category.Index',	0,	NULL,	NULL,	'N;'),
('Post.Category.Update',	0,	NULL,	NULL,	'N;'),
('Post.Category.View',	0,	NULL,	NULL,	'N;'),
('Post.Default.Index',	0,	NULL,	NULL,	'N;'),
('Post.Post.Admin',	0,	NULL,	NULL,	'N;'),
('Post.Post.Create',	0,	NULL,	NULL,	'N;'),
('Post.Post.Delete',	0,	NULL,	NULL,	'N;'),
('Post.Post.Index',	0,	NULL,	NULL,	'N;'),
('Post.Post.Update',	0,	NULL,	NULL,	'N;'),
('Post.Post.View',	0,	NULL,	NULL,	'N;'),
('Site.Contact',	0,	NULL,	NULL,	'N;'),
('Site.Error',	0,	NULL,	NULL,	'N;'),
('Site.Index',	0,	NULL,	NULL,	'N;'),
('Site.Login',	0,	NULL,	NULL,	'N;'),
('Site.Logout',	0,	NULL,	NULL,	'N;'),
('User.Activation.Activation',	0,	NULL,	NULL,	'N;'),
('User.Admin.Admin',	0,	NULL,	NULL,	'N;'),
('User.Admin.Create',	0,	NULL,	NULL,	'N;'),
('User.Admin.Delete',	0,	NULL,	NULL,	'N;'),
('User.Admin.Update',	0,	NULL,	NULL,	'N;'),
('User.Admin.View',	0,	NULL,	NULL,	'N;'),
('User.Default.Index',	0,	NULL,	NULL,	'N;'),
('User.Login.Login',	0,	NULL,	NULL,	'N;'),
('User.Logout.Logout',	0,	NULL,	NULL,	'N;'),
('User.Profile.Changepassword',	0,	NULL,	NULL,	'N;'),
('User.Profile.Edit',	0,	NULL,	NULL,	'N;'),
('User.Profile.Profile',	0,	NULL,	NULL,	'N;'),
('User.ProfileField.Admin',	0,	NULL,	NULL,	'N;'),
('User.ProfileField.Create',	0,	NULL,	NULL,	'N;'),
('User.ProfileField.Delete',	0,	NULL,	NULL,	'N;'),
('User.ProfileField.Update',	0,	NULL,	NULL,	'N;'),
('User.ProfileField.View',	0,	NULL,	NULL,	'N;'),
('User.Recovery.Recovery',	0,	NULL,	NULL,	'N;'),
('User.Registration.Registration',	0,	NULL,	NULL,	'N;'),
('User.User.Index',	0,	NULL,	NULL,	'N;'),
('User.User.View',	0,	NULL,	NULL,	'N;');

DROP TABLE IF EXISTS `AuthItemChild`;
CREATE TABLE `AuthItemChild` (
  `parent` varchar(64) NOT NULL,
  `child` varchar(64) NOT NULL,
  PRIMARY KEY (`parent`,`child`),
  KEY `child` (`child`),
  CONSTRAINT `AuthItemChild_ibfk_1` FOREIGN KEY (`parent`) REFERENCES `AuthItem` (`name`) ON DELETE CASCADE ON UPDATE CASCADE,
  CONSTRAINT `AuthItemChild_ibfk_2` FOREIGN KEY (`child`) REFERENCES `AuthItem` (`name`) ON DELETE CASCADE ON UPDATE CASCADE
) ENGINE=InnoDB DEFAULT CHARSET=latin1;

INSERT INTO `AuthItemChild` (`parent`, `child`) VALUES
('Authenticated',	'Site.Error'),
('Guest',	'Site.Error'),
('Authenticated',	'Site.Index'),
('Guest',	'Site.Index'),
('Authenticated',	'Site.Login'),
('Guest',	'Site.Login'),
('Authenticated',	'Site.Logout'),
('Guest',	'Site.Logout'),
('Authenticated',	'User.Login.Login'),
('Guest',	'User.Login.Login'),
('Authenticated',	'User.Profile.Edit'),
('Guest',	'User.Profile.Edit'),
('Authenticated',	'User.Profile.Profile'),
('Guest',	'User.Profile.Profile'),
('Authenticated',	'User.Registration.Registration'),
('Guest',	'User.Registration.Registration'),
('Authenticated',	'User.User.Index'),
('Guest',	'User.User.Index'),
('Guest',	'User.User.View');

DROP TABLE IF EXISTS `blog`;
CREATE TABLE `blog` (
  `id` int(11) NOT NULL AUTO_INCREMENT,
  `title` varchar(200) NOT NULL,
  `description` text NOT NULL,
  `user_id` int(11) NOT NULL,
  `category` int(11) NOT NULL,
  `created_time` timestamp NOT NULL DEFAULT CURRENT_TIMESTAMP ON UPDATE CURRENT_TIMESTAMP,
  PRIMARY KEY (`id`)
) ENGINE=InnoDB DEFAULT CHARSET=latin1;

INSERT INTO `blog` (`id`, `title`, `description`, `user_id`, `category`, `created_time`) VALUES
(4,	'Demo',	'<div><strong><span style=\"font-family: Helvetica; font-size: medium;\">Click on the link below and take a tour of the Wrask It app.</span></strong></div>\r\n<div>&nbsp;</div>\r\n<div style=\"text-align: center;\">\r\n<table width=\"100%\" cellspacing=\"0\" cellpadding=\"0\">\r\n<tbody>\r\n<tr>\r\n<td style=\"background-color: transparent; border: #f0f0f0;\">\r\n<div><code><code></code></code>\r\n<p class=\"MsoNormal\" style=\"margin: 0in 0in 10pt;\">&nbsp;</p>\r\n<p class=\"MsoNormal\" style=\"margin: 0in 0in 10pt;\"><strong style=\"mso-bidi-font-weight: normal;\"><span style=\"text-decoration: underline;\"><a href=\"http://www.appdemostore.com/m/6495744626262016\"><span style=\"font-family: Calibri; color: #0000ff; font-size: medium;\">Tutorial</span></a></span></strong></p>\r\n</div>\r\n</td>\r\n</tr>\r\n</tbody>\r\n</table>\r\n</div>\r\n<div>&nbsp;</div>',	0,	0,	'2015-03-13 17:26:20'),
(7,	'WELCOME TO THE WRASK APP',	'<h2><em>CURRENTLY, UPLOADING USER PROFILE PHOTOS ARE ONLY AVAILABLE VIA DESKTOP</em></h2>\r\n<p>&nbsp;</p>\r\n<h2><em><strong>MOBILE UPLOADS (MARCH 23)</strong></em></h2>\r\n<p>&nbsp;&lt;P&gt;</p>\r\n<p>WRASK (Write, Read&nbsp;&amp; Submit Knowledge)&nbsp;is a question and answer community setup to allow connects the ability to ask questions to others that can relate to them. There are so many social sites out there&nbsp;for entertainment and information, but what about wisdom and knowledge. The WRASK platform has been built with the focus of avoiding unnecessary content while facilitating communication that will inform, inspire, and encourage each user. Sometimes good information can be clouded from family and friends that are too judgemental, or from others who can\'t relate. Here in the WRASK community, you will be able to ask anonymous questions to select groups that have experienced similar situations and or share similar passions.</p>\r\n<p>March 20- March 28 is for Beta Testing. Testing the Desktop and Android Mobile Application.</p>\r\n<p>You can send the WRASK Administration feedback through the settings tab. We <sup>will</sup> view all concerns to make your community the best and most valuable community possible.</p>\r\n<p>If you have questions, just WRASK IT!</p>\r\n<h2>&nbsp;</h2>\r\n<h2>&nbsp;</h2>\r\n<p>&nbsp;</p>\r\n<p>&nbsp;</p>',	0,	0,	'2015-03-20 20:25:25');

DROP TABLE IF EXISTS `category`;
CREATE TABLE `category` (
  `id` int(11) NOT NULL AUTO_INCREMENT,
  `category_name` varchar(255) NOT NULL,
  `parent_id` int(11) NOT NULL DEFAULT '0',
  PRIMARY KEY (`id`)
) ENGINE=InnoDB DEFAULT CHARSET=latin1;

INSERT INTO `category` (`id`, `category_name`, `parent_id`) VALUES
(1,	'Daters',	0),
(3,	'Single Women',	0),
(6,	'Single Men',	0),
(9,	'Couples',	0),
(10,	'Parents',	0),
(18,	'Single Mothers',	0),
(24,	'Single Fathers',	0),
(26,	'Divorcees',	0),
(28,	'Grand Parents',	0),
(29,	'LBGT Community',	0),
(30,	'Gay Men',	0),
(31,	'Lesbian',	0),
(32,	'Transgender',	0),
(33,	'Democrats',	0),
(34,	'Republicans',	0),
(35,	'Independents',	0),
(36,	'Christian',	0),
(37,	'Muslim',	0),
(38,	'Non-Denominational',	0),
(39,	'Atheist',	0),
(40,	'Entrepreneurs',	0),
(41,	'Poets',	0),
(42,	'Musicians',	0),
(43,	'Athletes',	0),
(44,	'Fashionistas',	0);

DROP TABLE IF EXISTS `comments`;
CREATE TABLE `comments` (
  `id` int(11) NOT NULL AUTO_INCREMENT,
  `content` text NOT NULL,
  `userId` int(55) NOT NULL,
  `createDate` timestamp NOT NULL DEFAULT CURRENT_TIMESTAMP,
  `postId` int(11) NOT NULL,
  `likes` int(11) NOT NULL,
  `dislikes` int(11) NOT NULL,
  PRIMARY KEY (`id`)
) ENGINE=InnoDB DEFAULT CHARSET=latin1;

INSERT INTO `comments` (`id`, `content`, `userId`, `createDate`, `postId`, `likes`, `dislikes`) VALUES
(27,	'10(hgg',	15,	'2015-03-14 15:51:42',	14,	0,	0),
(28,	'10(hgg',	15,	'2015-03-14 15:51:44',	14,	0,	0),
(29,	'10(hgg',	15,	'2015-03-14 15:51:45',	14,	0,	0),
(30,	'10(hgg',	15,	'2015-03-14 15:51:46',	14,	0,	0),
(31,	'10(hgg',	15,	'2015-03-14 15:51:48',	14,	0,	0),
(32,	'10(hgg',	15,	'2015-03-14 15:51:49',	14,	0,	0),
(33,	'10(hgg',	15,	'2015-03-14 15:51:50',	14,	0,	0),
(34,	'10(hgg',	15,	'2015-03-14 15:51:51',	14,	0,	0),
(35,	'10(hgg',	15,	'2015-03-14 15:51:51',	14,	0,	0),
(36,	'10(hgg',	15,	'2015-03-14 15:51:52',	14,	0,	0),
(37,	'10(hgg',	15,	'2015-03-14 15:51:52',	14,	0,	0),
(38,	'10(hgg',	15,	'2015-03-14 15:51:53',	14,	0,	0),
(39,	'what, what kind of question is this',	1,	'2015-03-14 17:43:19',	23,	0,	0),
(40,	'dont have a baby',	1,	'2015-03-14 17:44:37',	11,	2,	5),
(41,	'The first month can be daunting. Don\'t expect to sleep and have a separate closet full of diapers',	22,	'2015-03-14 18:33:15',	11,	2,	0),
(42,	'No sleep',	27,	'2015-03-16 19:22:22',	11,	1,	0),
(43,	'Yes',	32,	'2015-03-19 06:48:03',	21,	0,	0),
(44,	'I notice things very similar to that happening to me. I\'ve been divorced for 5years and notice that many I encounter have been divorced but it still carries a connotation of failure so it catches people of guard but I don\'t think people ponder on it after the initial reaction',	26,	'2015-03-20 12:44:12',	14,	0,	0),
(45,	'I notice things very similar to that happening to me. I\'ve been divorced for 5years and notice that many I encounter have been divorced but it still carries a connotation of failure so it catches people of guard but I don\'t think people ponder on it after the initial reaction',	26,	'2015-03-20 12:44:24',	14,	0,	0),
(46,	'I notice things very similar to that happening to me. I\'ve been divorced for 5years and notice that many I encounter have been divorced but it still carries a connotation of failure so it catches people of guard but I don\'t think people ponder on it after the initial reaction',	26,	'2015-03-20 12:44:26',	14,	0,	0),
(47,	'It carries a stinch of failure so I think it catches people of guard but I don\'t think anyone thinks about it after the initial moment',	26,	'2015-03-20 12:45:50',	14,	0,	0),
(48,	'It carries a stinch of failure so I think it catches people of guard but I don\'t think anyone thinks about it after the initial moment',	26,	'2015-03-20 12:45:52',	14,	0,	0),
(49,	'It carries a stinch of failure so I think it catches people of guard but I don\'t think anyone thinks about it after the initial moment',	26,	'2015-03-20 12:45:52',	14,	0,	0),
(50,	'It carries a stinch of failure so I think it catches people of guard but I don\'t think anyone thinks about it after the initial moment',	26,	'2015-03-20 12:45:53',	14,	0,	0),
(51,	'It carries a stinch of failure so I think it catches people of guard but I don\'t think anyone thinks about it after the initial moment',	26,	'2015-03-20 12:45:53',	14,	0,	0),
(52,	'It carries a stinch of failure so I think it catches people of guard but I don\'t think anyone thinks about it after the initial moment',	26,	'2015-03-20 12:45:54',	14,	0,	0),
(53,	'It carries a stinch of failure so I think it catches people of guard but I don\'t think anyone thinks about it after the initial moment',	26,	'2015-03-20 12:45:55',	14,	0,	0),
(54,	'It carries a stinch of failure so I think it catches people of guard but I don\'t think anyone thinks about it after the initial moment',	26,	'2015-03-20 12:45:56',	14,	0,	0),
(55,	'It carries a stinch of failure so I think it catches people of guard but I don\'t think anyone thinks about it after the initial moment',	26,	'2015-03-20 12:45:56',	14,	0,	0),
(56,	'It carries a stinch of failure so I think it catches people of guard but I don\'t think anyone thinks about it after the initial moment',	26,	'2015-03-20 12:45:57',	14,	0,	0),
(57,	'It carries a stinch of failure so I think it catches people of guard but I don\'t think anyone thinks about it after the initial moment',	26,	'2015-03-20 12:45:57',	14,	0,	0),
(58,	'It carries a stinch of failure so I think it catches people of guard but I don\'t think anyone thinks about it after the initial moment',	26,	'2015-03-20 12:45:58',	14,	0,	0),
(59,	'It carries a stinch of failure so I think it catches people of guard but I don\'t think anyone thinks about it after the initial moment',	26,	'2015-03-20 12:45:59',	14,	0,	0),
(60,	'It carries a stinch of failure so I think it catches people of guard but I don\'t think anyone thinks about it after the initial moment',	26,	'2015-03-20 12:45:59',	14,	0,	0),
(61,	'It carries a stinch of failure so I think it catches people of guard but I don\'t think anyone thinks about it after the initial moment',	26,	'2015-03-20 12:46:00',	14,	0,	0),
(62,	'It carries a stinch of failure so I think it catches people of guard but I don\'t think anyone thinks about it after the initial moment',	26,	'2015-03-20 12:46:01',	14,	0,	0),
(63,	'It carries a stinch of failure so I think it catches people of guard but I don\'t think anyone thinks about it after the initial moment',	26,	'2015-03-20 12:46:01',	14,	0,	0),
(64,	'It carries a stinch of failure so I think it catches people of guard but I don\'t think anyone thinks about it after the initial moment',	26,	'2015-03-20 12:46:01',	14,	0,	0),
(65,	'It carries a stinch of failure so I think it catches people of guard but I don\'t think anyone thinks about it after the initial moment',	26,	'2015-03-20 12:46:02',	14,	0,	0),
(66,	'what',	26,	'2015-03-20 12:46:15',	14,	0,	0),
(67,	'what',	26,	'2015-03-20 12:46:16',	14,	0,	0),
(68,	'what',	26,	'2015-03-20 12:46:16',	14,	0,	0),
(69,	'what',	26,	'2015-03-20 12:46:17',	14,	0,	0),
(70,	'It carries a stinch of failure so I think it catches people of guard but I don\'t think anyone thinks about it after the initial moment',	26,	'2015-03-20 12:46:28',	14,	0,	0),
(71,	'It carries a stinch of failure so I think it catches people of guard but I don\'t think anyone thinks about it after the initial moment',	26,	'2015-03-20 12:46:29',	14,	0,	0),
(72,	'It carries a stinch of failure so I think it catches people of guard but I don\'t think anyone thinks about it after the initial moment',	26,	'2015-03-20 12:46:29',	14,	0,	0),
(73,	'It carries a stinch of failure so I think it catches people of guard but I don\'t think anyone thinks about it after the initial moment',	26,	'2015-03-20 12:46:30',	14,	0,	0),
(74,	'It carries a stinch of failure so I think it catches people of guard but I don\'t think anyone thinks about it after the initial moment',	26,	'2015-03-20 12:46:31',	14,	0,	0),
(75,	'It carries a stinch of failure so I think it catches people of guard but I don\'t think anyone thinks about it after the initial moment',	26,	'2015-03-20 12:46:31',	14,	0,	0),
(76,	'It carries a stinch of failure so I think it catches people of guard but I don\'t think anyone thinks about it after the initial moment',	26,	'2015-03-20 12:46:32',	14,	0,	0),
(77,	'heartbreak',	26,	'2015-03-20 12:50:35',	23,	0,	0),
(78,	'Yes, you can if you are the primary caregiver. State laws very but it is something worth pursuing',	1,	'2015-03-20 13:03:40',	13,	1,	1),
(79,	'Hey...',	3,	'2015-03-20 18:13:52',	9,	2,	0),
(80,	'Noo....',	3,	'2015-03-20 18:14:35',	9,	0,	1),
(81,	'Yes',	38,	'2015-03-20 21:43:24',	24,	4,	3),
(82,	'I just thought about it',	41,	'2015-03-21 00:42:49',	10,	1,	0),
(83,	'Good question.',	41,	'2015-03-21 00:44:20',	10,	0,	0),
(84,	'People who love power',	41,	'2015-03-21 00:51:59',	22,	0,	0),
(85,	'If you value your life! No!',	43,	'2015-03-21 01:36:48',	9,	0,	0),
(86,	'Do you feel like you are really qualified for the job?',	42,	'2015-03-21 02:59:44',	33,	1,	0),
(87,	'Why would you',	22,	'2015-03-21 17:06:51',	9,	0,	0),
(88,	'I never assume that a guy will pay. But it kind of is a test to see how a guy is. If a guy pays after I take my wallet out of my bag and try to pay he definitely gets bonus points.',	39,	'2015-03-22 17:34:39',	24,	2,	1),
(89,	'If you want to be that guy that she just hangs around when nobody is around go ahead and call her.',	39,	'2015-03-22 17:35:49',	7,	2,	4),
(90,	'Absolutely not.',	27,	'2015-03-25 03:00:54',	9,	0,	0),
(91,	'I usuall like travelling....',	3,	'2015-03-26 12:33:06',	40,	0,	0),
(92,	'I usuall like travelling....',	3,	'2015-03-26 12:33:13',	40,	0,	0),
(93,	'I usually like travelling....',	3,	'2015-03-26 12:34:03',	40,	0,	0),
(95,	'I agree, I wouldnt do that',	1,	'2015-03-26 19:23:37',	7,	1,	0),
(96,	'http://www.parents.com/kids/discipline/strategies/7-easy-ways-to-fix-bad-behavior/\n\nFollow the steps in this article and KEEP CONSISTANT! I promise you will be surprised but oh so happy with the results! \nGood luck!',	44,	'2015-03-27 02:29:00',	6,	23,	3),
(97,	'Keep my head up',	44,	'2015-03-27 02:41:27',	45,	0,	0);

DROP TABLE IF EXISTS `connects`;
CREATE TABLE `connects` (
  `id` int(11) NOT NULL AUTO_INCREMENT,
  `userId` int(11) NOT NULL,
  `connectId` int(11) NOT NULL,
  PRIMARY KEY (`id`)
) ENGINE=InnoDB DEFAULT CHARSET=latin1;

INSERT INTO `connects` (`id`, `userId`, `connectId`) VALUES
(8,	3,	5),
(9,	4,	2),
(16,	3,	1),
(19,	5,	2),
(24,	3,	8),
(30,	3,	5),
(32,	3,	1),
(33,	15,	1),
(35,	27,	22),
(37,	32,	22),
(38,	32,	1),
(39,	32,	22),
(40,	32,	22),
(41,	3,	3),
(42,	1,	32),
(43,	27,	39),
(44,	44,	1),
(45,	44,	22),
(46,	1,	1),
(48,	3,	27),
(49,	3,	43),
(50,	3,	3),
(51,	3,	3);

DROP TABLE IF EXISTS `directPost`;
CREATE TABLE `directPost` (
  `id` int(11) NOT NULL AUTO_INCREMENT,
  `postId` int(11) NOT NULL,
  `directuserId` int(11) NOT NULL,
  PRIMARY KEY (`id`)
) ENGINE=InnoDB DEFAULT CHARSET=latin1;

INSERT INTO `directPost` (`id`, `postId`, `directuserId`) VALUES
(1,	46,	3),
(2,	37,	3),
(3,	48,	3),
(4,	50,	3),
(5,	51,	3),
(6,	35,	3),
(7,	38,	3),
(8,	49,	1),
(9,	64,	3),
(10,	69,	1);

DROP TABLE IF EXISTS `feedback`;
CREATE TABLE `feedback` (
  `id` int(11) NOT NULL AUTO_INCREMENT,
  `user_id` int(11) NOT NULL,
  `email` varchar(200) NOT NULL,
  `description` text CHARACTER SET utf8 COLLATE utf8_bin NOT NULL,
  PRIMARY KEY (`id`)
) ENGINE=InnoDB DEFAULT CHARSET=latin1;

INSERT INTO `feedback` (`id`, `user_id`, `email`, `description`) VALUES
(8,	31,	'',	'it looks awesome now.'),
(9,	31,	'',	'test feedback..'),
(10,	31,	'',	'test feed back...'),
(11,	31,	'',	'hi it is awesome now...'),
(12,	31,	'',	'hi it is awesome now...'),
(13,	31,	'',	'test feedback'),
(14,	31,	'',	'test feedback'),
(15,	31,	'',	'test message'),
(16,	31,	'',	'test message'),
(17,	31,	'',	'test message'),
(18,	31,	'',	'test'),
(19,	3,	'',	'Test'),
(20,	3,	'',	'Test'),
(21,	31,	'',	'dsf asfasd'),
(22,	31,	'',	'sadf asdfasd'),
(23,	11,	'',	'sdfasafdd'),
(24,	3,	'',	'Test'),
(25,	1,	'',	'Test message'),
(26,	3,	'',	'xfghdfg'),
(27,	11,	'',	'test'),
(28,	13,	'',	'Test feedback'),
(29,	26,	'',	'Where does it go'),
(30,	26,	'',	'What happened');

DROP TABLE IF EXISTS `notifications`;
CREATE TABLE `notifications` (
  `id` int(11) NOT NULL AUTO_INCREMENT,
  `userid` int(11) NOT NULL,
  `type` int(11) NOT NULL,
  `status` int(11) NOT NULL DEFAULT '0',
  PRIMARY KEY (`id`),
  KEY `userid` (`userid`)
) ENGINE=InnoDB DEFAULT CHARSET=latin1;

INSERT INTO `notifications` (`id`, `userid`, `type`, `status`) VALUES
(8,	10,	1,	1),
(9,	17,	1,	1),
(10,	18,	1,	1),
(11,	10,	1,	1),
(12,	19,	1,	1),
(13,	22,	1,	1),
(14,	27,	1,	1),
(15,	29,	1,	1),
(16,	13,	1,	1),
(17,	41,	1,	1),
(18,	43,	1,	1),
(19,	1,	1,	0),
(20,	46,	1,	1),
(21,	3,	1,	0),
(22,	17,	1,	1),
(23,	18,	1,	1),
(24,	15,	1,	1),
(25,	38,	1,	1),
(26,	44,	1,	0),
(27,	47,	1,	1),
(28,	17,	1,	1),
(29,	18,	1,	1),
(30,	19,	1,	1),
(31,	22,	1,	1),
(32,	15,	1,	1),
(33,	26,	1,	1),
(34,	29,	1,	1),
(35,	31,	1,	1),
(36,	13,	1,	1),
(37,	38,	1,	1),
(38,	1,	1,	0),
(39,	44,	1,	0),
(40,	45,	1,	1),
(41,	46,	1,	1),
(42,	11,	1,	1),
(43,	10,	1,	1),
(44,	17,	1,	1),
(45,	18,	1,	1),
(46,	19,	1,	1),
(47,	22,	1,	1),
(48,	26,	1,	1),
(49,	29,	1,	1),
(50,	31,	1,	1),
(51,	13,	1,	1),
(52,	41,	1,	1),
(53,	42,	1,	1),
(54,	44,	1,	0),
(55,	45,	1,	1),
(56,	46,	1,	1),
(57,	3,	1,	0),
(58,	47,	1,	1),
(59,	11,	1,	1),
(60,	1,	2,	0),
(61,	10,	1,	1),
(62,	17,	1,	1),
(63,	18,	1,	1),
(64,	19,	1,	1),
(65,	22,	1,	1),
(66,	27,	1,	1),
(67,	29,	1,	1),
(68,	13,	1,	1),
(69,	41,	1,	1),
(70,	43,	1,	1),
(71,	1,	1,	0),
(72,	46,	1,	1),
(73,	3,	1,	0),
(74,	11,	1,	1),
(75,	10,	1,	1),
(76,	17,	1,	1),
(77,	18,	1,	1),
(78,	19,	1,	1),
(79,	22,	1,	1),
(80,	27,	1,	1),
(81,	29,	1,	1),
(82,	31,	1,	1),
(83,	13,	1,	1),
(84,	38,	1,	1),
(85,	39,	1,	1),
(86,	1,	1,	0),
(87,	44,	1,	0),
(88,	46,	1,	1),
(89,	3,	1,	0),
(90,	11,	1,	1),
(91,	10,	1,	1),
(92,	17,	1,	1),
(93,	18,	1,	1),
(94,	19,	1,	1),
(95,	22,	1,	1),
(96,	27,	1,	1),
(97,	29,	1,	1),
(98,	13,	1,	1),
(99,	41,	1,	1),
(100,	43,	1,	1),
(101,	1,	1,	0),
(102,	46,	1,	1),
(103,	3,	1,	0),
(104,	11,	1,	1),
(105,	10,	1,	1),
(106,	17,	1,	1),
(107,	18,	1,	1),
(108,	19,	1,	1),
(109,	22,	1,	1),
(110,	27,	1,	1),
(111,	29,	1,	1),
(112,	13,	1,	1),
(113,	41,	1,	1),
(114,	43,	1,	1),
(115,	1,	1,	0),
(116,	46,	1,	1),
(117,	3,	1,	0),
(118,	11,	1,	1),
(119,	10,	1,	1),
(120,	17,	1,	1),
(121,	18,	1,	1),
(122,	19,	1,	1),
(123,	22,	1,	1),
(124,	27,	1,	1),
(125,	29,	1,	1),
(126,	13,	1,	1),
(127,	41,	1,	1),
(128,	43,	1,	1),
(129,	1,	1,	0),
(130,	46,	1,	1),
(131,	3,	1,	0),
(132,	11,	1,	1),
(133,	10,	1,	1),
(134,	17,	1,	1),
(135,	18,	1,	1),
(136,	19,	1,	1),
(137,	22,	1,	1),
(138,	27,	1,	1),
(139,	29,	1,	1),
(140,	13,	1,	1),
(141,	41,	1,	1),
(142,	43,	1,	1),
(143,	1,	1,	0),
(144,	46,	1,	1),
(145,	3,	1,	0),
(146,	11,	1,	1),
(147,	10,	1,	1),
(148,	17,	1,	1),
(149,	18,	1,	1),
(150,	19,	1,	1),
(151,	22,	1,	1),
(152,	27,	1,	1),
(153,	29,	1,	1),
(154,	13,	1,	1),
(155,	41,	1,	1),
(156,	43,	1,	1),
(157,	1,	1,	0),
(158,	46,	1,	1),
(159,	3,	1,	0),
(160,	11,	1,	1),
(161,	52,	1,	1),
(162,	10,	1,	1),
(163,	17,	1,	1),
(164,	18,	1,	1),
(165,	19,	1,	1),
(166,	22,	1,	1),
(167,	27,	1,	1),
(168,	29,	1,	1),
(169,	13,	1,	1),
(170,	41,	1,	1),
(171,	43,	1,	1),
(172,	1,	1,	0),
(173,	46,	1,	1),
(174,	3,	1,	0),
(175,	11,	1,	1),
(176,	52,	1,	1),
(177,	10,	1,	1),
(178,	17,	1,	1),
(179,	18,	1,	1),
(180,	19,	1,	1),
(181,	22,	1,	1),
(182,	27,	1,	1),
(183,	29,	1,	1),
(184,	13,	1,	1),
(185,	41,	1,	1),
(186,	43,	1,	1),
(187,	1,	1,	0),
(188,	46,	1,	1),
(189,	3,	1,	0),
(190,	11,	1,	1),
(191,	52,	1,	1),
(192,	10,	1,	1),
(193,	17,	1,	1),
(194,	18,	1,	1),
(195,	19,	1,	1),
(196,	22,	1,	1),
(197,	27,	1,	1),
(198,	29,	1,	1),
(199,	13,	1,	1),
(200,	41,	1,	1),
(201,	43,	1,	1),
(202,	1,	1,	0),
(203,	46,	1,	1),
(204,	3,	1,	0),
(205,	11,	1,	1),
(206,	52,	1,	1),
(207,	10,	1,	1),
(208,	17,	1,	1),
(209,	18,	1,	1),
(210,	19,	1,	1),
(211,	22,	1,	1),
(212,	27,	1,	1),
(213,	29,	1,	1),
(214,	13,	1,	1),
(215,	41,	1,	1),
(216,	43,	1,	1),
(217,	1,	1,	0),
(218,	46,	1,	1),
(219,	3,	1,	0),
(220,	11,	1,	1),
(221,	52,	1,	1),
(222,	10,	1,	1),
(223,	17,	1,	1),
(224,	18,	1,	1),
(225,	19,	1,	1),
(226,	22,	1,	1),
(227,	27,	1,	1),
(228,	29,	1,	1),
(229,	13,	1,	1),
(230,	41,	1,	1),
(231,	43,	1,	1),
(232,	1,	1,	0),
(233,	46,	1,	1),
(234,	3,	1,	0),
(235,	11,	1,	1),
(236,	52,	1,	1),
(237,	10,	1,	1),
(238,	17,	1,	1),
(239,	18,	1,	1),
(240,	19,	1,	1),
(241,	22,	1,	1),
(242,	27,	1,	1),
(243,	29,	1,	1),
(244,	13,	1,	1),
(245,	41,	1,	1),
(246,	43,	1,	1),
(247,	1,	1,	0),
(248,	46,	1,	1),
(249,	3,	1,	0),
(250,	11,	1,	1),
(251,	52,	1,	1),
(252,	10,	1,	1),
(253,	17,	1,	1),
(254,	18,	1,	1),
(255,	19,	1,	1),
(256,	22,	1,	1),
(257,	27,	1,	1),
(258,	29,	1,	1),
(259,	13,	1,	1),
(260,	41,	1,	1),
(261,	43,	1,	1),
(262,	1,	1,	0),
(263,	46,	1,	1),
(264,	3,	1,	0),
(265,	11,	1,	1),
(266,	52,	1,	1),
(267,	3,	2,	0),
(268,	10,	1,	1),
(269,	17,	1,	1),
(270,	18,	1,	1),
(271,	19,	1,	1),
(272,	22,	1,	1),
(273,	27,	1,	1),
(274,	29,	1,	1),
(275,	13,	1,	1),
(276,	41,	1,	1),
(277,	43,	1,	1),
(278,	1,	1,	0),
(279,	46,	1,	1),
(280,	3,	1,	0),
(281,	11,	1,	1),
(282,	52,	1,	1),
(283,	10,	1,	1),
(284,	17,	1,	1),
(285,	18,	1,	1),
(286,	19,	1,	1),
(287,	22,	1,	1),
(288,	27,	1,	1),
(289,	29,	1,	1),
(290,	13,	1,	1),
(291,	41,	1,	1),
(292,	43,	1,	1),
(293,	1,	1,	0),
(294,	46,	1,	1),
(295,	11,	1,	1),
(296,	52,	1,	1),
(297,	3,	1,	0),
(298,	10,	1,	1),
(299,	17,	1,	1),
(300,	18,	1,	1),
(301,	19,	1,	1),
(302,	22,	1,	1),
(303,	27,	1,	1),
(304,	29,	1,	1),
(305,	31,	1,	1),
(306,	13,	1,	1),
(307,	38,	1,	1),
(308,	39,	1,	1),
(309,	1,	1,	0),
(310,	44,	1,	0),
(311,	46,	1,	1),
(312,	11,	1,	1),
(313,	52,	1,	1),
(314,	3,	1,	0),
(315,	10,	1,	1),
(316,	17,	1,	1),
(317,	18,	1,	1),
(318,	19,	1,	1),
(319,	22,	1,	1),
(320,	27,	1,	1),
(321,	29,	1,	1),
(322,	13,	1,	1),
(323,	41,	1,	1),
(324,	43,	1,	1),
(325,	1,	1,	0),
(326,	46,	1,	1),
(327,	11,	1,	1),
(328,	52,	1,	1),
(329,	3,	1,	0),
(330,	1,	2,	1);

DROP TABLE IF EXISTS `post`;
CREATE TABLE `post` (
  `id` int(11) NOT NULL AUTO_INCREMENT,
  `title` varchar(200) NOT NULL,
  `content` text NOT NULL,
  `category_id` int(11) NOT NULL,
  `user_id` int(11) NOT NULL,
  `likes` int(11) NOT NULL,
  `dislikes` int(11) NOT NULL,
  `privacy` varchar(50) NOT NULL,
  `createDate` timestamp NOT NULL DEFAULT CURRENT_TIMESTAMP,
  PRIMARY KEY (`id`),
  KEY `category_id` (`category_id`),
  CONSTRAINT `post_ibfk_1` FOREIGN KEY (`category_id`) REFERENCES `category` (`id`)
) ENGINE=InnoDB DEFAULT CHARSET=latin1;

INSERT INTO `post` (`id`, `title`, `content`, `category_id`, `user_id`, `likes`, `dislikes`, `privacy`, `createDate`) VALUES
(6,	'What have you found to be the most effective way o',	'What have you found to be the most effective way of disciplining your child(ren)?',	10,	1,	0,	0,	'1',	'2015-03-13 16:50:14'),
(7,	'This girl was hugging on a guy that she was with a',	'This girl was hugging on a guy that she was with at a club this Saturday. I met her after the club. We spoke about that guy and she said that he wasn\'t her man he is just a guy that is around when no one isn\'t. Should I call her?',	1,	22,	0,	0,	'1',	'2015-03-13 23:40:39'),
(8,	'Ever since I broke up with my boyfriend last month',	'Ever since I broke up with my boyfriend last month I can\'t concentrate on anything. I just want my focus back, what should I do',	3,	1,	0,	0,	'1',	'2015-03-14 00:16:35'),
(9,	'Should I date her sister, lol',	'Should I date her sister, lol',	6,	1,	0,	0,	'1',	'2015-03-14 00:18:09'),
(10,	'My boyfriend is amazing and I love him so much but',	'My boyfriend is amazing and I love him so much but he won\'t propose, is it really a big deal or should I just be happy with our relationship as it is?',	9,	1,	0,	0,	'1',	'2015-03-14 00:19:40'),
(11,	'I am about to have a baby and it will be my first.',	'I am about to have a baby and it will be my first. What should I expect in the first month?',	10,	1,	0,	0,	'1',	'2015-03-14 00:21:55'),
(12,	'What do I tell my girls when their father doesn\'t ',	'What do I tell my girls when their father doesn\'t show? ugh, I am so frustrated right now',	18,	1,	0,	0,	'1',	'2015-03-14 00:26:24'),
(13,	'Can I get child support for my kids from their mot',	'Can I get child support for my kids from their mother?',	24,	1,	0,	0,	'1',	'2015-03-14 00:28:34'),
(14,	'When I tell people that I am divorced I get weird ',	'When I tell people that I am divorced I get weird looks. Does that happen to you or am I just being insecure?',	26,	1,	0,	0,	'1',	'2015-03-14 00:36:34'),
(15,	'Do Atheist think the way they do about God because',	'Do Atheist think the way they do about God because of pain or is there a logical reason for your thoughts',	39,	1,	0,	0,	'1',	'2015-03-14 00:47:44'),
(16,	'Is their an organization close, I just came out an',	'Is their an organization close, I just came out and I feel alone',	29,	1,	0,	0,	'1',	'2015-03-14 01:38:15'),
(17,	'I about to go on my first date with a guy I met on',	'I about to go on my first date with a guy I met online. I\'m kind of scared. According to my profile I am bigger than he is  but it will be my first time. any thoughts?',	30,	1,	0,	0,	'1',	'2015-03-14 01:48:52'),
(18,	'I have been having an urge to be with a man. I hav',	'I have been having an urge to be with a man. I have been with my girlfriend for 3 years and everything is fine but I have always been bi-sexual never cheated. Should I tell my girlfriend about my feelings... What do I do with these conflicting urges?',	31,	1,	0,	0,	'1',	'2015-03-14 02:06:18'),
(19,	'This past week on espn, they were talking about tr',	'This past week on espn, they were talking about transgender teenagers in school. How can I know if my child is suffering from gender identity crisis?',	32,	1,	0,	0,	'1',	'2015-03-14 02:12:26'),
(20,	'It has been a few years and I haven\'t enrolled in ',	'It has been a few years and I haven\'t enrolled in Affordable Care yet. Is it as bad as the media says it is. I don\'t have any kids but I need health care. Does anyone have any experience with \"Obama Care\"?',	33,	1,	0,	0,	'1',	'2015-03-14 02:17:12'),
(21,	'I feel like it is rough being a republican, it alm',	'I feel like it is rough being a republican, it almost seems as if people think that being  a republican is being a racist Do you think that the public incidents of cops and minorities is  hurting the party?',	34,	1,	0,	0,	'1',	'2015-03-14 03:05:03'),
(22,	'who cares about politics anymore',	'who cares about politics anymore',	35,	1,	0,	0,	'1',	'2015-03-14 03:23:34'),
(23,	'Is Jesus real? Christmas is fake, Easter is fake, ',	'Is Jesus real? Christmas is fake, Easter is fake, all of the holidays to celebrate his existence have found to be fake, what proof is there that he is real?',	36,	1,	0,	0,	'1',	'2015-03-14 03:34:46'),
(24,	'Do women automatically think on the first meet up ',	'Do women automatically think on the first meet up the guy should pay, if so are they offended if the bill is split?',	3,	27,	0,	0,	'1',	'2015-03-16 16:46:01'),
(25,	'Does critical and rational thinking still exist?',	'Does critical and rational thinking still exist?',	39,	28,	0,	0,	'1',	'2015-03-17 02:57:27'),
(33,	'Should I run for President?',	'Should I run for President?',	33,	43,	0,	0,	'1',	'2015-03-21 01:39:12'),
(40,	'where you usually spend you holidays ?',	'where you usually spend you holidays ?',	6,	3,	0,	0,	'1',	'2015-03-25 06:57:29'),
(41,	'who is your best friend ?',	'who is your best friend ?',	6,	3,	0,	0,	'1',	'2015-03-25 07:24:39'),
(45,	'What\'s the greatest advice you\'ve ever been given?',	'What\'s the greatest advice you\'ve ever been given?',	18,	1,	0,	0,	'1',	'2015-03-25 17:19:17'),
(50,	'How to have tension free life?',	'How to have tension free life?',	6,	3,	0,	0,	'1',	'2015-03-26 06:01:35'),
(61,	'Can you suggest me some beautiful places to spend ',	'Can you suggest me some beautiful places to spend my vacations ?',	6,	3,	0,	0,	'1',	'2015-03-26 10:57:50');

DROP TABLE IF EXISTS `privacy`;
CREATE TABLE `privacy` (
  `id` int(11) NOT NULL AUTO_INCREMENT,
  `description` text CHARACTER SET utf8 COLLATE utf8_bin NOT NULL,
  `last_updated_time` timestamp NOT NULL DEFAULT CURRENT_TIMESTAMP,
  PRIMARY KEY (`id`)
) ENGINE=InnoDB DEFAULT CHARSET=latin1;

INSERT INTO `privacy` (`id`, `description`, `last_updated_time`) VALUES
(1,	'<p>This Privacy Policy governs the manner in which WRASK, Inc&nbsp;collects, uses, maintains and discloses information collected from users (each, a \"User\") of the<a style=\"color: #1155cc;\" href=\"http://www.wrask.com/\" target=\"_blank\">www.wrask.com</a>&nbsp;website (\"Site\"). This privacy policy applies to the Site and all products and services offered by WRASK, Inc.</p>\r\n<p>WRASK is an Acronym for WRITE READ AND SUBMIT KNOWLEDGE. WRASK IT is a product from WRASK, Inc. WRASK IT is a website, mobile application and platform that exist for the purpose of connecting users (all persons using the site/app) to each to ask and answer questions.&nbsp;</p>\r\n<p>&nbsp;</p>\r\n<p>Third party websites</p>\r\n<p>Users may find advertising or other content on our Site that link to the sites and services of our partners, suppliers, advertisers, sponsors, licensors and other third parties. We do not control the content or links that appear on these sites and are not responsible for the practices employed by websites linked to or from our Site. In addition, these sites or services, including their content and links, may be constantly changing. These sites and services may have their own privacy policies and customer service policies. Browsing and interaction on any other website, including websites which have a link to our Site, is subject to that website\\\'s own terms and policies.</p>\r\n<p>Advertising</p>\r\n<p>Ads appearing on our site may be delivered to Users by advertising partners, who may set cookies. These cookies allow the ad server to recognize your computer each time they send you an online advertisement to compile non personal identification information about you or others who use your computer. This information allows ad networks to, among other things, deliver targeted advertisements that they believe will be of most interest to you. This privacy policy does not cover the use of cookies by any advertisers.</p>\r\n<p>Google Adsense</p>\r\n<p><span style=\"color: #222222; font-family: Tahoma, Geneva, sans-serif; font-size: medium;\">Some of the ads may be served by Google. Google\\\'s use of the DART cookie enables it to serve ads to Users based on their visit to our Site and other sites on the Internet. DART uses \"non personally identifiable information\" and does NOT track personal information about you, such as your name, email address, physical address, etc. You may opt out of the use of the DART cookie by visiting the Google ad and content network privacy policy at</span><a style=\"color: #125abd; margin: 0px; padding: 0px; border: none; outline: none; vertical-align: baseline; text-decoration: none; font-family: Tahoma, Geneva, sans-serif; font-size: medium; background-image: initial; background-repeat: initial;\" href=\"http://www.google.com/privacy_ads.html\" target=\"_blank\">http://www.google.com/<wbr />privacy_ads.html</a></p>\r\n<p>&nbsp;</p>\r\n<p>Personal identification information</p>\r\n<p>We may collect personal identification information from Users in a variety of ways, including, but not limited to, when Users visit our site, register on the site and in connection with other activities, services, features or resources we make available on our Site. Users may be asked for, as appropriate, name, email address,.</p>\r\n<p>We will collect personal identification information from Users only if they voluntarily submit such information to us. Users can always refuse to supply personally identification information, except that it may prevent them from engaging in certain Site related activities.</p>\r\n<p>Non-personal identification information</p>\r\n<p>We may collect non-personal identification information about Users whenever they interact with our Site. Non-personal identification information may include the browser name, the type of computer and technical information about Users means of connection to our Site, such as the operating system and the Internet service providers utilized and other similar information.</p>\r\n<p>Web browser cookies</p>\r\n<p>Our Site may use \"cookies\" to enhance User experience. User\'s web browser places cookies on their hard drive for record-keeping purposes and sometimes to track information about them. User may choose to set their web browser to refuse cookies, or to alert you when cookies are being sent. If they do so, note that some parts of the Site may not function properly.&nbsp;</p>\r\n<p>How we use collected information</p>\r\n<p>WRASK, Inc&nbsp;collects and uses Users personal information for the following purposes:</p>\r\n<p><em style=\"margin: 0px; padding: 0px; border: none; outline: none; vertical-align: baseline; background: transparent;\">To improve customer service</em></p>\r\n<ul style=\"color: #222222; margin: 20px 15px; padding: 0px; border: none; outline: none; vertical-align: baseline; clear: both; font-family: Tahoma, Geneva, sans-serif; font-size: medium; background-image: initial; background-repeat: initial;\">\r\n<li style=\"margin: 0px; padding: 0px; border: none; outline: none; vertical-align: baseline; list-style: none; background: transparent;\">Your information helps us to more effectively respond to your customer service requests and support needs.</li>\r\n<li style=\"margin: 0px; padding: 0px; border: none; outline: none; vertical-align: baseline; list-style: none; background: transparent;\"><em style=\"margin: 0px; padding: 0px; border: none; outline: none; vertical-align: baseline; background: transparent;\">To personalize user experience</em>We may use information in the aggregate to understand how our Users as a group use the services and resources provided on our Site.</li>\r\n<li style=\"margin: 0px; padding: 0px; border: none; outline: none; vertical-align: baseline; list-style: none; background: transparent;\"><em style=\"margin: 0px; padding: 0px; border: none; outline: none; vertical-align: baseline; background: transparent;\">To improve our Site</em>We continually strive to improve our website offerings based on the information and feedback we receive from you.</li>\r\n<li style=\"margin: 0px; padding: 0px; border: none; outline: none; vertical-align: baseline; list-style: none; background: transparent;\"><em style=\"margin: 0px; padding: 0px; border: none; outline: none; vertical-align: baseline; background: transparent;\">To administer a content, promotion, survey or other Site feature</em>To send Users information they agreed to receive about topics we think will be of interest to them.</li>\r\n<li style=\"margin: 0px; padding: 0px; border: none; outline: none; vertical-align: baseline; list-style: none; background: transparent;\"><em style=\"margin: 0px; padding: 0px; border: none; outline: none; vertical-align: baseline; background: transparent;\">To share your information with third parties</em>We may share or sell information with third parties for marketing or other purposes.</li>\r\n<li style=\"margin: 0px; padding: 0px; border: none; outline: none; vertical-align: baseline; list-style: none; background: transparent;\"><em style=\"margin: 0px; padding: 0px; border: none; outline: none; vertical-align: baseline; background: transparent;\">To send periodic emails</em>The email address Users provide for order processing, will only be used to send them information and updates pertaining to their order. It may also be used to respond to their inquiries, and/or other requests or questions. If User decides to opt-in to our mailing list, they will receive emails that may include company news, updates, related product or service information, etc. If at any time the User would like to unsubscribe from receiving future emails, we include detailed unsubscribe instructions at the bottom of each email or User may contact us via our Site.</li>\r\n</ul>\r\n<p>&nbsp;How we protect your information</p>\r\n<p>We adopt appropriate data collection, storage and processing practices and security measures to protect against unauthorized access, alteration, disclosure or destruction of your personal information, username, password, transaction information and data stored on our Site.</p>\r\n<p>&nbsp;</p>\r\n<p>Sensitive and private data exchange between the Site and its Users happens over a SSL secured communication channel and is encrypted and protected with digital signatures.</p>\r\n<p>Compliance with children\\\'s online privacy protection act</p>\r\n<p>Protecting the privacy of the very young is especially important. For that reason, we never collect or maintain information at our Site from those we actually know are under 13, and no part of our website is structured to attract anyone under 13.<br style=\"margin: 0px; padding: 0px;\" /><br style=\"margin: 0px; padding: 0px;\" /></p>\r\n<p>Changes to this privacy policy&nbsp;</p>\r\n<p>WRASK, Inc&nbsp;has the discretion to update this privacy policy at any time. When we do, revise the updated date at the bottom of this page,send you an email. We encourage Users to frequently check this page for any changes to stay informed about how we are helping to protect the personal information we collect. You acknowledge and agree that it is your responsibility to review this privacy policy periodically and become aware of modifications.</p>\r\n<p>Your acceptance of these terms</p>\r\n<p>&nbsp;By using this Site, you signify your acceptance of this policy and&nbsp;<a style=\"color: #125abd; margin: 0px; padding: 0px; border: none; outline: none; vertical-align: baseline; line-height: normal; text-decoration: none; background: transparent;\" href=\"http://www.wraskit.com/\" target=\"_blank\">terms of service</a>. If you do not agree to this policy, please do not use our Site. Your continued use of the Site following the posting of changes to this policy will be deemed your acceptance of those changes.</p>\r\n<p>&nbsp;</p>\r\n<p>Contacting us</p>\r\n<p>&nbsp;If you have any questions about this Privacy Policy, the practices of this site, or your dealings with this site, please contact us at:</p>\r\n<p><br style=\"margin: 0px; padding: 0px;\" />WRASK, Inc<br style=\"margin: 0px; padding: 0px;\" /><br style=\"margin: 0px; padding: 0px;\" /><a style=\"color: #1155cc;\" href=\"http://www.wrask.com/\" target=\"_blank\">www.wraskit.com</a>&nbsp;In the settings Tab by selecting the Feedback Button<br style=\"margin: 0px; padding: 0px;\" /><br style=\"margin: 0px; padding: 0px;\" />Bronx, NY 10460</p>',	'2015-03-26 14:04:50');

DROP TABLE IF EXISTS `reply`;
CREATE TABLE `reply` (
  `id` int(11) NOT NULL AUTO_INCREMENT,
  `content` text NOT NULL,
  `userId` int(11) NOT NULL,
  `createDate` datetime NOT NULL,
  `commentId` int(11) NOT NULL,
  PRIMARY KEY (`id`)
) ENGINE=InnoDB DEFAULT CHARSET=latin1;

INSERT INTO `reply` (`id`, `content`, `userId`, `createDate`, `commentId`) VALUES
(1,	'comment reply 1',	1,	'2014-05-13 12:25:18',	11),
(2,	'comment reply 2',	1,	'2014-05-14 12:25:36',	11),
(3,	'good answer, love it!',	3,	'0000-00-00 00:00:00',	27),
(4,	'Thanks for your answer. Working out pays off in the short term with greater productivity and in the long term with better health. The total benefit: You\'ll get more accomplished each day, and you\'ll have more days of accomplishment.',	3,	'0000-00-00 00:00:00',	26),
(5,	'Thank you for your answer, have a nice day!',	3,	'0000-00-00 00:00:00',	27),
(6,	'Nice answer, love you !',	3,	'0000-00-00 00:00:00',	27),
(7,	'Thank you for your answer. Working out pays off in the short term with greater productivity and in the long term with better health. The total benefit: You\'ll get more accomplished each day, and you\'ll have more days of accomplishment.',	3,	'0000-00-00 00:00:00',	27),
(8,	'Thank you for your answer. Working out pays off in the short term with greater productivity and in the long term with better health. The total benefit: You\'ll get more accomplished each day, and you\'ll have more days of accomplishment.',	3,	'0000-00-00 00:00:00',	27),
(9,	'good answer love it!',	3,	'0000-00-00 00:00:00',	26),
(10,	'thank you for the answer.',	3,	'0000-00-00 00:00:00',	26),
(11,	'test reply for this content...',	3,	'0000-00-00 00:00:00',	28),
(12,	'what is the difference between',	3,	'0000-00-00 00:00:00',	29),
(13,	'l;.;.;',	1,	'0000-00-00 00:00:00',	30),
(14,	'jjj',	1,	'0000-00-00 00:00:00',	30),
(15,	'test reply to answer...',	1,	'0000-00-00 00:00:00',	35),
(16,	'Why is there an assumption that cops or authorities are Republicans. Are all racist republican, could it be that people are over generalizing the party',	1,	'0000-00-00 00:00:00',	43),
(17,	'What do you think',	1,	'0000-00-00 00:00:00',	79),
(18,	'It would be interesting',	1,	'0000-00-00 00:00:00',	87);

DROP TABLE IF EXISTS `Rights`;
CREATE TABLE `Rights` (
  `itemname` varchar(64) NOT NULL,
  `type` int(11) NOT NULL,
  `weight` int(11) NOT NULL,
  PRIMARY KEY (`itemname`),
  CONSTRAINT `Rights_ibfk_1` FOREIGN KEY (`itemname`) REFERENCES `AuthItem` (`name`) ON DELETE CASCADE ON UPDATE CASCADE
) ENGINE=InnoDB DEFAULT CHARSET=latin1;


DROP TABLE IF EXISTS `tbl_profiles`;
CREATE TABLE `tbl_profiles` (
  `user_id` int(11) NOT NULL AUTO_INCREMENT,
  `lastname` varchar(50) NOT NULL DEFAULT '',
  `firstname` varchar(50) NOT NULL DEFAULT '',
  `love` text NOT NULL,
  `hate` text NOT NULL,
  `city` varchar(255) NOT NULL DEFAULT '',
  `state` varchar(255) NOT NULL DEFAULT '',
  `profilePic` varchar(255) NOT NULL DEFAULT 'profile_blank.png',
  PRIMARY KEY (`user_id`),
  CONSTRAINT `user_profile_id` FOREIGN KEY (`user_id`) REFERENCES `tbl_users` (`id`) ON DELETE CASCADE
) ENGINE=InnoDB DEFAULT CHARSET=utf8;

INSERT INTO `tbl_profiles` (`user_id`, `lastname`, `firstname`, `love`, `hate`, `city`, `state`, `profilePic`) VALUES
(1,	'Admin',	'Admin',	'From an early age, like for many, football was a part of my daily life. It runs through my father’s family particularly strongly, with generations going to watch matches at the Vetch Field and I was introduced to the live match day experience at the age of 6. If had to be blunt, the game of football itself really bores me at times. I’ve never experienced any real satisfaction from playing but this is probably due to a lack of any real skill! www.facebook.com',	'Grimsby Town’s Mariners Trust have launched an online campaign to generate support for the club’s proposed 14,000 stadium and community leisure complex on Peaks Parkway, the main road through the town. The Mariners Trust explain why fans should back it below… Relocation to the Peaks Parkway site will ensure sustainability for the Mariners and help to safeguard the club’s long-term future.',	'New York',	'NY',	'5824259961426610237903.png'),
(2,	'Demo',	'Demo',	'',	'',	'',	'',	'profile_blank.png'),
(3,	'babu',	'satheesh',	'From an early age, like for many, football was a part of my daily life. It runs through my father’s family particularly strongly, with generations going to watch matches at the Vetch Field and I was introduced to the live match day experience at the age of 6. If had to be blunt, the game of football itself really bores me at times. I’ve never experienced any real satisfaction from playing but this is probably due to a lack of any real skill!',	'Grimsby Town’s Mariners Trust have launched an online campaign to generate support for the club’s proposed 14,000 stadium and community leisure complex on Peaks Parkway, the main road through the town. The Mariners Trust explain why fans should back it below… Relocation to the Peaks Parkway site will ensure sustainability for the Mariners and help to safeguard the club’s long-term future.',	'Ca',	'Callifornia',	'96642649610616441_588363181289805_1187846413796125137_n.jpg'),
(4,	'aaa',	'root',	'',	'',	'',	'',	'profile_blank.png'),
(5,	'ddd',	'dino1',	'sdfsd',	'sdfsd',	'',	'',	'profile_blank.png'),
(6,	'Duhon',	'Jonathan',	'',	'',	'',	'',	'profile_blank.png'),
(10,	'pp',	'varun',	'',	'',	'',	'',	''),
(11,	'pppk',	'kiran',	'Those who hate most fervently must have once loved deeply; those who want to deny the world must have once embraced what they now set on fire.',	'Few people can be happy unless they hate some other person, nation, or creed.',	'Trivandrum',	'Kerala',	'311986281images (4).jpg'),
(22,	'Duhon',	'Jonathan',	'',	'',	'',	'',	'profile_blank.png'),
(24,	'pols',	'pols',	'',	'',	'',	'',	'profile_blank.png'),
(27,	'Glover',	'Darris',	'traveling',	'nobody',	'Oklahoma City',	'Oklahoma',	'profile_blank.png'),
(28,	'duhon',	'peter',	'',	'',	'',	'',	'profile_blank.png'),
(29,	'kumar',	'raj',	'',	'',	'',	'',	'profile_blank.png'),
(30,	'mohan',	'raj',	'',	'',	'',	'',	'profile_blank.png'),
(31,	'kumar',	'mohan',	'',	'',	'',	'',	'profile_blank.png'),
(32,	'Lineth',	'Dina',	'Love',	'Hate',	'New York',	'New York',	'profile_blank.png'),
(33,	'verma',	'vikas',	'',	'',	'',	'',	'profile_blank.png'),
(34,	'Duhon',	'Jonathan',	'',	'',	'',	'',	'profile_blank.png'),
(35,	'Sha',	'chetan1163',	'',	'',	'',	'',	'profile_blank.png'),
(36,	'Trần',	'Phước Tú',	'',	'',	'',	'',	'profile_blank.png'),
(37,	'test',	'test',	'',	'',	'',	'',	'profile_blank.png'),
(38,	'Baptiste',	'Rhenita',	'',	'',	'',	'',	'profile_blank.png'),
(39,	'Pursel',	'Shannon',	'',	'',	'',	'',	'profile_blank.png'),
(40,	'Henry',	'Jay',	'',	'',	'',	'',	'profile_blank.png'),
(41,	'Duhon',	'Peter',	'',	'',	'',	'',	'profile_blank.png'),
(42,	'Lawson',	'Arnaud',	'',	'',	'',	'',	'profile_blank.png'),
(43,	'Rogers',	'Edwin',	'',	'',	'',	'',	'profile_blank.png'),
(44,	'Rodriguez',	'Jennifer',	'',	'',	'',	'',	'1619787155Selfie.jpg'),
(45,	'duhon',	'Gayle',	'',	'',	'',	'',	'profile_blank.png'),
(46,	'India',	'TestSolutions',	'',	'',	'',	'',	'profile_blank.png'),
(47,	'Qinwitz',	'Maria',	'',	'',	'',	'',	'profile_blank.png'),
(48,	'123',	'test',	'',	'',	'',	'',	'profile_blank.png'),
(49,	'www',	'test2',	'',	'',	'',	'',	'profile_blank.png'),
(50,	'fdf',	'tedts',	'',	'',	'',	'',	'profile_blank.png'),
(51,	'ghh',	'fft',	'',	'',	'',	'',	'profile_blank.png'),
(52,	'trdgu',	'dtres',	'',	'',	'',	'',	'profile_blank.png');

DROP TABLE IF EXISTS `tbl_profiles_fields`;
CREATE TABLE `tbl_profiles_fields` (
  `id` int(10) NOT NULL AUTO_INCREMENT,
  `varname` varchar(50) NOT NULL,
  `title` varchar(255) NOT NULL,
  `field_type` varchar(50) NOT NULL,
  `field_size` varchar(15) NOT NULL DEFAULT '0',
  `field_size_min` varchar(15) NOT NULL DEFAULT '0',
  `required` int(1) NOT NULL DEFAULT '0',
  `match` varchar(255) NOT NULL DEFAULT '',
  `range` varchar(255) NOT NULL DEFAULT '',
  `error_message` varchar(255) NOT NULL DEFAULT '',
  `other_validator` varchar(5000) NOT NULL DEFAULT '',
  `default` varchar(255) NOT NULL DEFAULT '',
  `widget` varchar(255) NOT NULL DEFAULT '',
  `widgetparams` varchar(5000) NOT NULL DEFAULT '',
  `position` int(3) NOT NULL DEFAULT '0',
  `visible` int(1) NOT NULL DEFAULT '0',
  PRIMARY KEY (`id`),
  KEY `varname` (`varname`,`widget`,`visible`)
) ENGINE=InnoDB DEFAULT CHARSET=utf8;

INSERT INTO `tbl_profiles_fields` (`id`, `varname`, `title`, `field_type`, `field_size`, `field_size_min`, `required`, `match`, `range`, `error_message`, `other_validator`, `default`, `widget`, `widgetparams`, `position`, `visible`) VALUES
(1,	'lastname',	'Last Name',	'VARCHAR',	'50',	'3',	1,	'',	'',	'Incorrect Last Name (length between 3 and 50 characters).',	'',	'',	'',	'',	1,	3),
(2,	'firstname',	'First Name',	'VARCHAR',	'50',	'3',	1,	'',	'',	'Incorrect First Name (length between 3 and 50 characters).',	'',	'',	'',	'',	0,	3),
(3,	'love',	'I love',	'TEXT',	'1000',	'0',	0,	'',	'',	'',	'',	'',	'',	'',	0,	3),
(4,	'hate',	'I hate',	'TEXT',	'1000',	'0',	0,	'',	'',	'',	'',	'',	'',	'',	0,	3),
(5,	'city',	'City',	'VARCHAR',	'255',	'0',	0,	'',	'',	'',	'',	'',	'',	'',	0,	3),
(6,	'state',	'state',	'VARCHAR',	'255',	'0',	0,	'',	'',	'',	'',	'',	'',	'',	0,	3),
(7,	'profilePic',	'Profile Picture',	'VARCHAR',	'255',	'0',	0,	'',	'',	'',	'',	'profile_blank.png',	'',	'',	0,	3);

DROP TABLE IF EXISTS `tbl_users`;
CREATE TABLE `tbl_users` (
  `id` int(11) NOT NULL AUTO_INCREMENT,
  `username` varchar(20) NOT NULL,
  `password` varchar(128) NOT NULL,
  `email` varchar(128) NOT NULL,
  `activkey` varchar(128) NOT NULL DEFAULT '',
  `create_at` timestamp NOT NULL DEFAULT CURRENT_TIMESTAMP,
  `lastvisit_at` timestamp NOT NULL DEFAULT '0000-00-00 00:00:00',
  `superuser` int(1) NOT NULL DEFAULT '0',
  `status` int(1) NOT NULL DEFAULT '0',
  `wraskpoints` int(11) NOT NULL DEFAULT '0',
  `location` varchar(100) NOT NULL,
  `device_id` text NOT NULL,
  `device_type` text NOT NULL,
  PRIMARY KEY (`id`),
  UNIQUE KEY `username` (`username`),
  UNIQUE KEY `email` (`email`),
  KEY `status` (`status`),
  KEY `superuser` (`superuser`)
) ENGINE=InnoDB DEFAULT CHARSET=utf8;

INSERT INTO `tbl_users` (`id`, `username`, `password`, `email`, `activkey`, `create_at`, `lastvisit_at`, `superuser`, `status`, `wraskpoints`, `location`, `device_id`, `device_type`) VALUES
(1,	'admin',	'21232f297a57a5a743894a0e4a801fc3',	'webmaster@example.com',	'11886c7a5b83a21782700e042e024142',	'2014-05-09 05:57:48',	'2015-03-26 21:44:23',	1,	1,	444,	'NY',	'',	''),
(2,	'demo',	'fe01ce2a7fbac8fafaed7c982a04e229',	'demo@example.com',	'099f825543f7850cc038b90aaff39fac',	'2014-05-09 05:57:48',	'2014-05-14 06:08:24',	0,	1,	0,	'',	'',	''),
(3,	'satheesh',	'202cb962ac59075b964b07152d234b70',	'kpsatheeshbabu@gmail.com',	'1f3acf8524de730453e4543ee1e93299',	'2014-05-09 06:23:30',	'2014-05-23 05:59:12',	0,	1,	247,	'AS',	'APA91bF8HQGEGTgCr8B8Mt8sFpgqUUVxt-1SQv07VPsSCTJumg7BFo0KZht-UMVdjuNVfkxxf4EJ45breRGIBrDmCz8rAm426Isq_7nnjvy2JMk1KAZkK40Z7dDlDtlHG-RA7LSTrJVX6TzYk5uGZgZQiwrGXzZaFA',	'Android'),
(4,	'root',	'63a9f0ea7bb98050796b649e85481845',	'satheesh1@3eplc.com',	'80324f640545c9eebc6985b9f69b7693',	'2014-05-21 11:26:58',	'0000-00-00 00:00:00',	0,	1,	0,	'',	'',	''),
(5,	'dino',	'81dc9bdb52d04dc20036dbd8313ed055',	'dino@3eplc.com',	'624a393c63c150fd991840d739fa7dac',	'2014-10-10 08:00:48',	'0000-00-00 00:00:00',	0,	1,	0,	'',	'',	''),
(6,	'Jon',	'e0055b00287238e4a94ed9695e4f4ab6',	'awesomewc@gmail.com',	'968501d0a77cf60f4138e694dda62f05',	'2015-02-27 00:25:18',	'0000-00-00 00:00:00',	0,	1,	0,	'',	'',	''),
(10,	'varun',	'81dc9bdb52d04dc20036dbd8313ed055',	'varun@3eplc.com',	'9aae4e744ac32128c634b8f26d16f821',	'2015-03-06 11:00:29',	'0000-00-00 00:00:00',	0,	1,	1,	'',	'',	''),
(11,	'kiran',	'202cb962ac59075b964b07152d234b70',	'kiran@3eplc.com',	'ba0b3f81d163a97895242ae6a40818e9',	'2015-03-12 12:59:14',	'0000-00-00 00:00:00',	0,	1,	2,	'',	'APA91bGWXd0kQ-BwcBu__nAP508N_HT3E8-9NsMom1_w_Ipxckqu7OeXCAinqwomyd4Yxa_S5n_kAXFgvSAoxUI_dmyxBkwQR5hz_RUixYW-dqt0LSjRBWt7yPCEpbw-0OI5oRCm8mOCUTGY7JCeBwIVZ1u5hT6FRw',	'Android'),
(22,	'onist',	'348a322fb15fe422764e393ed7fcc081',	'wraskitapp@gmail.com',	'0dc82a54c26e5ff6dba66b5a23fa2b96',	'2015-03-13 15:49:44',	'2015-03-13 18:22:15',	0,	1,	3,	'',	'',	''),
(24,	'pols',	'202cb962ac59075b964b07152d234b70',	'paulsonpeter@3eplc.com',	'9b23353d31fc457975878a3313afe129',	'2015-03-16 15:05:57',	'0000-00-00 00:00:00',	0,	1,	0,	'',	'',	''),
(27,	'dglover85',	'1cf057e26beff300a67259a6c95a3c17',	'dglover85@me.com',	'b22bb1afce5e5070243bae5800d8aa1d',	'2015-03-16 16:28:32',	'0000-00-00 00:00:00',	0,	1,	3,	'',	'',	''),
(28,	'Cheyenne',	'14adf01f6d8b67a1f39aeb6efc9f9d4c',	'peterx1x5@gmail.com',	'5fe70b2532071c76a8479ae6aacdf021',	'2015-03-17 02:43:47',	'0000-00-00 00:00:00',	0,	1,	1,	'',	'',	''),
(29,	'raj',	'202cb962ac59075b964b07152d234b70',	'satheesh.3edev@gmail.com',	'affa600b13cc8e568ab17a2270ca615d',	'2015-03-17 05:43:50',	'0000-00-00 00:00:00',	0,	1,	0,	'',	'',	''),
(30,	'raj1',	'202cb962ac59075b964b07152d234b70',	'satheeshrp@3eplc.com',	'a1fdb55cde0d171df637bd0cda1afcdb',	'2015-03-17 10:30:29',	'0000-00-00 00:00:00',	0,	1,	0,	'',	'',	''),
(31,	'mohan',	'202cb962ac59075b964b07152d234b70',	'satheesh@3eplc.com',	'4bda15d3d03e6f0e80df2e3753f36f57',	'2015-03-17 10:41:12',	'0000-00-00 00:00:00',	0,	1,	2,	'',	'',	''),
(32,	'DinaLineth',	'a96a2344961f585cd517821fd0e6cd9a',	'dinalineth@gmail.com',	'ccd856b0e7cfe557fddd569d2608ce7b',	'2015-03-19 06:38:24',	'0000-00-00 00:00:00',	0,	1,	1,	'',	'',	''),
(33,	'vikasverma',	'25f9e794323b453885f5181f1b624d0b',	'mail@loca.com',	'3e3a3c5cebf558fc48580d056f2b130a',	'2015-03-20 06:41:01',	'0000-00-00 00:00:00',	0,	1,	0,	'',	'',	''),
(34,	'10152582952579935',	'de8924fab3314b9899d82a4996d65eaa',	'onistwords@gmail.com',	'1407acd8d763a82ae668505463fbb3bc',	'2015-03-20 11:53:08',	'0000-00-00 00:00:00',	0,	1,	0,	'',	'',	''),
(35,	'chetan1163',	'e10adc3949ba59abbe56e057f20f883e',	'chetan1163@gmail.com',	'2c2ae8e4699f7db3ec288c224a7164c0',	'2015-03-20 11:55:13',	'0000-00-00 00:00:00',	0,	1,	0,	'',	'',	''),
(36,	'809228005779169',	'b93fe1c1d34f655a707c0b91e5978825',	'tranphuoctu@gmail.com',	'8fffeec004b2d185a7c26f284f30241b',	'2015-03-20 11:59:41',	'0000-00-00 00:00:00',	0,	1,	0,	'',	'',	''),
(37,	'test',	'098f6bcd4621d373cade4e832627b4f6',	'test@mail.com',	'd2593e5049e334756d43f08fbbc8bd06',	'2015-03-20 12:16:47',	'0000-00-00 00:00:00',	0,	1,	0,	'',	'',	''),
(38,	'Rhenita',	'f2552e9d7975b2451806a81f5cc4f17a',	'nakiama16@yahoo.com',	'62d99d0c8d3cea5a7e55dddbc2ee8271',	'2015-03-20 21:41:26',	'0000-00-00 00:00:00',	0,	1,	1,	'',	'',	''),
(39,	'Shannonp1217',	'1cf57c62bb0e4405087fd6cc0fbad3d7',	'shannonp1217@yahoo.com',	'5e9056295de8301030c812af0d316f8d',	'2015-03-20 22:13:55',	'0000-00-00 00:00:00',	0,	1,	2,	'',	'',	''),
(40,	'Jay',	'baba327d241746ee0829e7e88117d4d5',	'j.jhenry@hotmail.com',	'95eef23fbc14afc3249f64dcbfd15d58',	'2015-03-20 22:41:34',	'0000-00-00 00:00:00',	0,	1,	0,	'',	'',	''),
(41,	'peterduhon',	'6c23b7c337ebac2e96f4d6cc1ea09a86',	'peterduhon@gmail.com',	'7329f4dcec5abd2f58947ccdb5113c6c',	'2015-03-21 00:34:21',	'0000-00-00 00:00:00',	0,	1,	3,	'',	'',	''),
(42,	'arnaud',	'1d77d7df11f1c53fdd62e8649c94d7c4',	'm.arnaudlawsom@gmail.com',	'85c9440797f82203cf9933cd47bd491c',	'2015-03-21 00:53:38',	'0000-00-00 00:00:00',	0,	1,	1,	'',	'',	''),
(43,	'linxlab',	'0354d89c28ec399c00d3cb2d094cf093',	'edwinrogers1@gmail.com',	'dc50aad74f3b83430c2bcc3aeb3571ef',	'2015-03-21 01:34:25',	'0000-00-00 00:00:00',	0,	1,	2,	'',	'',	''),
(44,	'Jennifer',	'50f0ca7e416dd3072999bde7c9da7d91',	'phonecandyco@gmail.com',	'10b304d7c21b8f86d9c231ecee6d8ae9',	'2015-03-22 03:01:48',	'0000-00-00 00:00:00',	1,	1,	2,	'',	'',	''),
(45,	'petrina86',	'c06064eefa08b660788d1170b5c4c314',	'petjonpet@gmail.com',	'b4e10a5b5fdf5e39f644124c7cf492d4',	'2015-03-22 04:36:23',	'0000-00-00 00:00:00',	0,	1,	0,	'',	'',	''),
(46,	'371014153090882',	'5ce95d4e05e41940b6dc6460f471eb4e',	'3esolutionsindia@gmail.com',	'2f0f3528f50c3d4e5ab50fafe18e52cc',	'2015-03-23 11:29:29',	'0000-00-00 00:00:00',	0,	1,	0,	'',	'',	''),
(47,	'1377492479242299',	'5ddafd97c2c93f5d4c4c83f20c037367',	'rfvpjvb_qinwitz_1427102186@tfbnw.net',	'af8e6898880f6e6695d27bae2c7f630d',	'2015-03-23 15:07:16',	'0000-00-00 00:00:00',	0,	1,	0,	'',	'',	''),
(48,	'test1',	'202cb962ac59075b964b07152d234b70',	'satheesh.1@3eplc.com',	'6b900845295e3b21531f522ac303d3ab',	'2015-03-26 06:31:57',	'0000-00-00 00:00:00',	0,	1,	0,	'',	'',	''),
(49,	'test2',	'202cb962ac59075b964b07152d234b70',	'satheedhdd@3eplc.com',	'c49e6dadee77fb03d7a5f87e13611630',	'2015-03-26 06:33:43',	'0000-00-00 00:00:00',	0,	1,	0,	'',	'',	''),
(50,	'test1234',	'202cb962ac59075b964b07152d234b70',	'testcf@eff.com',	'3165f2bd0207cb86b08cd3f79d5569ce',	'2015-03-26 06:39:07',	'0000-00-00 00:00:00',	0,	1,	0,	'',	'eeesd',	'7657656'),
(51,	'testqq',	'202cb962ac59075b964b07152d234b70',	'cfh@fgh.com',	'd2199efb683d68cc08b201df619caf91',	'2015-03-26 06:53:12',	'0000-00-00 00:00:00',	0,	1,	0,	'',	'APA91bFLP2bHA9-5hBjWZ7z9Vhq9lj5Tg1aIUZ3W3_ulFPgF-PjdMjuYTEj5DQTjjR8j4qE6WLPmYcqKb06ny40SToEOEGBId7Wa-9tVUzZiCrS0_-KCyplZrTAyVxqkUspOXioZI2FihnnWduV2D_Jgp4zXwxR3hg',	'7657656'),
(52,	'dsdsd',	'202cb962ac59075b964b07152d234b70',	'satgfyh@hgt.com',	'ed01064ba4ae9c4d1989fc81cc76e9c3',	'2015-03-26 07:52:25',	'0000-00-00 00:00:00',	0,	1,	8,	'',	'APA91bGWXd0kQ-BwcBu__nAP508N_HT3E8-9NsMom1_w_Ipxckqu7OeXCAinqwomyd4Yxa_S5n_kAXFgvSAoxUI_dmyxBkwQR5hz_RUixYW-dqt0LSjRBWt7yPCEpbw-0OI5oRCm8mOCUTGY7JCeBwIVZ1u5hT6FRw',	'APA91bGWXd0kQ-BwcBu__nAP508N_HT3E8-9NsMom1_w_Ipxckqu7OeXCAinqwomyd4Yxa_S5n_kAXFgvSAoxUI_dmyxBkwQR5hz_RUixYW-dqt0LSjRBWt7yPCEpbw-0OI5oRCm8mOCUTGY7JCeBwIVZ1u5hT6FRw');

DROP TABLE IF EXISTS `wraskInterest`;
CREATE TABLE `wraskInterest` (
  `id` int(11) NOT NULL AUTO_INCREMENT,
  `userId` int(11) NOT NULL,
  `categoryId` int(11) NOT NULL,
  PRIMARY KEY (`id`)
) ENGINE=InnoDB DEFAULT CHARSET=latin1;

INSERT INTO `wraskInterest` (`id`, `userId`, `categoryId`) VALUES
(40,	8,	1),
(46,	10,	1),
(47,	10,	3),
(48,	10,	6),
(49,	10,	9),
(50,	10,	29),
(129,	17,	3),
(130,	17,	6),
(131,	17,	9),
(132,	17,	10),
(133,	17,	18),
(134,	18,	3),
(135,	18,	6),
(136,	18,	9),
(137,	18,	10),
(138,	18,	18),
(145,	19,	3),
(146,	19,	6),
(147,	19,	9),
(148,	19,	10),
(149,	22,	1),
(150,	22,	3),
(151,	22,	6),
(152,	22,	9),
(153,	22,	10),
(159,	15,	10),
(160,	15,	18),
(161,	15,	24),
(162,	15,	26),
(163,	15,	28),
(169,	26,	9),
(170,	26,	10),
(171,	26,	26),
(172,	26,	33),
(173,	26,	36),
(174,	27,	1),
(175,	27,	3),
(176,	27,	6),
(177,	27,	24),
(178,	27,	33),
(179,	29,	3),
(180,	29,	6),
(181,	29,	9),
(182,	29,	10),
(202,	31,	3),
(203,	31,	9),
(204,	31,	10),
(205,	31,	26),
(206,	31,	28),
(222,	13,	3),
(223,	13,	6),
(224,	13,	9),
(225,	13,	10),
(274,	38,	3),
(275,	38,	10),
(276,	38,	18),
(277,	38,	36),
(278,	38,	43),
(279,	39,	1),
(280,	39,	3),
(281,	39,	35),
(282,	39,	36),
(283,	39,	42),
(284,	41,	6),
(285,	41,	9),
(286,	41,	35),
(287,	41,	41),
(288,	41,	42),
(289,	42,	1),
(290,	42,	9),
(291,	42,	33),
(292,	42,	42),
(293,	43,	6),
(294,	43,	33),
(295,	43,	40),
(296,	1,	1),
(297,	1,	3),
(298,	1,	6),
(299,	1,	10),
(300,	44,	3),
(301,	44,	9),
(302,	44,	10),
(303,	44,	18),
(304,	44,	26),
(305,	45,	9),
(306,	45,	10),
(307,	45,	29),
(308,	45,	34),
(309,	45,	36),
(315,	46,	1),
(316,	46,	3),
(317,	46,	6),
(318,	46,	9),
(319,	46,	10),
(327,	47,	1),
(328,	47,	9),
(329,	47,	18),
(330,	11,	3),
(331,	11,	6),
(332,	11,	9),
(333,	11,	10),
(338,	52,	3),
(339,	52,	6),
(340,	52,	9),
(349,	3,	3),
(350,	3,	6),
(351,	3,	9),
(352,	3,	10),
(353,	3,	18);

-- 2015-03-27 05:35:42
